,Unnamed: 0,Address,Ambitious_Instruction,Collaborative_Teachers,Effective_Leaders,Involved_Families,Supportive_Environment,latitude,longitude
0,A.N. Pritzker School,"2009 W Schiller St, Chicago, IL 60622",63,46,42,70,45,41.9064984,-87.6787622
1,ACE Technical Charter School,"5410 S State St, Chicago, IL 60609",79,71,65,70,46,41.7959341,-87.62653829999999
2,ASPIRA Business and Finance,"2989 N Milwaukee Ave, Chicago, IL 60618",55,32,16,25,49,41.9360176,-87.7174948
3,ASPIRA Charter School - Early College High School,"3986 W Barry Ave, Chicago, IL 60618",72,64,52,75,64,41.9374637,-87.7267682
4,ASPIRA Charter School - Haugan Middle School,"3729 W Leland Ave, Chicago, IL 60625",99,87,80,80,60,41.96630390000001,-87.7218024
5,Abraham Lincoln Elementary School,"615 W Kemper Pl, Chicago, IL 60614",68,77,74,92,66,41.9243599,-87.6445095
6,Academy for Global Citizenship Charter School,"4647 W 47th St, Chicago, IL 60632",80,83,69,96,59,41.8074193,-87.7401184
7,Acero Charter Schools - Bartolome de las Casas,"1641 W 16th St, Chicago, IL 60608",70,62,49,68,41,41.85940919999999,-87.66786309999999
8,Acero Charter Schools - Brighton Park,"4420 S Fairfield Ave, Chicago, IL 60632",58,44,53,69,46,41.8132878,-87.69343110000001
9,Acero Charter Schools - Carlos Fuentes,"2845 W Barry Ave, Chicago, IL 60618",60,37,30,69,51,41.9374673,-87.6995737
10,Acero Charter Schools - Esmeralda Santiago,"2510 W Cortez St, Chicago, IL 60622",99,81,64,82,82,41.90044959999999,-87.6899227
11,Acero Charter Schools - Jovita Idar,"5050 S Homan Ave, Chicago, IL 60632",43,28,25,51,22,41.80110630000001,-87.7096028
12,Acero Charter Schools - Major Hector P. Garcia MD,"4248 W 47th St, Chicago, IL 60632",53,50,32,58,56,41.8086594,-87.73068769999999
13,Acero Charter Schools - Octavio Paz Campus,"2651 W 23rd St, Chicago, IL 60608",55,47,56,36,37,41.8499303,-87.6922381
14,Acero Charter Schools - Officer Donald J. Marquez,"2916 W 47th St, Chicago, IL 60632",65,63,55,71,38,41.8085471,-87.6970484
15,Acero Charter Schools - PFC Omar E. Torres,"4248 W 47th St, Chicago, IL 60632",56,16,22,43,40,41.8086594,-87.73068769999999
16,Acero Charter Schools - Roberto Clemente,"2050 N Natchez Ave, Chicago, IL 60707",59,23,15,47,34,41.9177899,-87.78801229999999
17,Acero Charter Schools - Rufino Tamayo,"5135 S California Ave, Chicago, IL 60632",76,73,61,80,60,41.800013,-87.6935848
18,Acero Charter Schools - SPC Daniel Zizumbo,"4248 W 47th St, Chicago, IL 60632",62,16,30,51,46,41.8086594,-87.73068769999999
19,Acero Charter Schools - Sandra Cisneros,"2744 W Pershing Rd, Chicago, IL 60632",49,49,49,62,33,41.8231238,-87.6943969
20,Acero Charter Schools - Sor Juana Ines de la Cruz,"7416 N Ridge Ave, Chicago, IL 60645",53,25,23,35,43,41.9979534,-87.6768416
21,Acero Charter Schools - Victoria Soto,"5025 S St. Louis Ave, Chicago, IL 60632",67,48,34,50,60,41.8007121,-87.7111257
22,Adam Clayton Powell Paideia Community Academy ES,"7511 S South Shore Dr, Chicago, IL 60649",87,42,37,47,57,41.7603231,-87.5563492
23,Adlai E Stevenson Elementary School,"8010 S Kostner Ave, Chicago, IL 60652",98,90,79,96,79,41.7471281,-87.7321137
24,Agustin Lara Elementary Academy,"4619 S Wolcott Ave, Chicago, IL 60609",86,70,70,74,62,41.809785,-87.67190579999999
25,Air Force Academy High School,"3630 S Wells St, Chicago, IL 60609",62,65,47,55,43,41.8278882,-87.6329602
26,Al Raby High School,"3545 W Fulton Blvd, Chicago, IL 60624",73,63,62,52,55,41.8859125,-87.7153374
27,Albany Park Multicultural Academy,"4929 N Sawyer Ave, Chicago, IL 60625",83,65,52,44,55,41.97109,-87.7094104
28,Albert G Lane Technical High School,"2501 W Addison St, Chicago, IL 60618",85,58,48,80,76,41.9454262,-87.690618
29,Albert R Sabin Elementary Magnet School,"2216 W Hirsch St, Chicago, IL 60622",68,46,40,58,40,41.9073574,-87.6829277
30,Alessandro Volta Elementary School,"4950 N Avers Ave, Chicago, IL 60625",73,58,51,71,48,41.971517,-87.7250766
31,Alex Haley Elementary Academy,"11411 S Eggleston Ave, Chicago, IL 60628",97,73,63,73,63,41.6863471,-87.63336799999999
32,Alexander Graham Bell Elementary School,"3730 N Oakley Ave, Chicago, IL 60618",65,62,58,81,56,41.9493403,-87.6866953
33,Alexander Graham Elementary School,"4436 S Union Ave, Chicago, IL 60609",73,55,39,56,41,41.8130967,-87.64385349999999
34,Alexander Hamilton Elementary School,"1650 W Cornelia Ave, Chicago, IL 60657",70,49,57,79,70,41.9454542,-87.67051690000001
35,Alfred Nobel Elementary School,"4127 W Hirsch St, Chicago, IL 60651",75,80,75,71,37,41.90573,-87.7296515
36,Alice L Barnard Computer Math & Science Ctr ES,"10354 S Charles St, Chicago, IL 60643",48,49,56,51,18,41.7053769,-87.65849829999999
37,Ambrose Plamondon Elementary School,"2642 W 15th Pl, Chicago, IL 60608",85,59,44,60,70,41.86037719999999,-87.69266329999999
38,Amelia Earhart Options for Knowledge ES,"1710 E 93rd St, Chicago, IL 60617",95,70,43,-1,60,41.7263326,-87.58294990000002
39,Amos Alonzo Stagg Elementary School,"7424 S Morgan St, Chicago, IL 60621",89,70,69,68,69,41.7589946,-87.6494037
40,Andrew Carnegie Elementary School,"1414 E 61st Pl, Chicago, IL 60637",78,50,54,62,48,41.7835894,-87.5910163
41,Andrew Jackson Elementary Language Academy,"1340 W Harrison St, Chicago, IL 60607",52,32,36,59,33,41.8748949,-87.6608138
42,Anna R. Langford Community Academy,"6010 S Throop St, Chicago, IL 60636",50,40,39,36,18,41.7845238,-87.65738089999999
43,Annie Keller Elementary Gifted Magnet School,"3020 W 108th St, Chicago, IL 60655",99,97,86,99,84,41.6974763,-87.6968995
44,Ariel Elementary Community Academy,"1119 E 46th St, Chicago, IL 60653",68,63,61,79,38,41.8110793,-87.5986539
45,Arnold Mireles Elementary Academy,"9000 S Exchange Ave, Chicago, IL 60617",64,50,46,47,34,41.7310257,-87.55295060000002
46,Arthur A Libby Elementary School,"5300 S Loomis Blvd, Chicago, IL 60609",69,32,35,45,48,41.7972762,-87.66003959999999
47,Arthur Dixon Elementary School,"8306 S Saint Lawrence Ave, Chicago, IL 60619",99,78,69,78,64,41.74331249999999,-87.61057679999999
48,Arthur E Canty Elementary School,"3740 N Panama Ave, Chicago, IL 60634",71,60,52,68,44,41.9479459,-87.8297236
49,Arthur R Ashe Elementary School,"8505 S Ingleside Ave, Chicago, IL 60619",80,80,67,68,35,41.7400343,-87.6009832
50,Asa Philip Randolph Elementary School,"7316 S Hoyne Ave, Chicago, IL 60636",64,34,35,27,40,41.7605625,-87.67691339999999
51,Ashburn Community Elementary School,"8300 S St Louis Ave, Chicago, IL 60652",83,66,64,76,53,41.7418673,-87.7097953
52,Asian Human Services - Passages Charter School,"1643 W Bryn Mawr Ave, Chicago, IL 60660",57,65,45,61,30,41.983319,-87.6711641
53,Augustus H Burley Elementary School,"1630 W Barry Ave, Chicago, IL 60657",85,54,57,84,54,41.9381198,-87.6697849
54,Austin College and Career Academy High School,"231 N Pine Ave, Chicago, IL 60644",70,67,52,58,45,41.885368,-87.762958
55,Avalon Park Elementary School,"8045 S Kenwood Ave, Chicago, IL 60619",94,35,40,22,77,41.7488548,-87.5911703
56,Back of the Yards IB HS,"2111 W 47th St, Chicago, IL 60609",86,71,49,67,73,41.80774359999999,-87.6776045
57,Barbara Vick Early Childhood & Family Center,"2554 W 113th St, Chicago, IL 60655",-1,63,69,92,-1,41.68861460000001,-87.68565600000001
58,Belmont-Cragin Elementary School,"5252 W Palmer St, Chicago, IL 60639",67,77,61,86,54,41.9210111,-87.7581124
59,Benito Juarez Community Academy High School,"1450 W Cermak Rd, Chicago, IL 60608",77,78,59,84,62,41.8530157,-87.6644329
60,Benjamin E Mays Elementary Academy,"6656 S Normal Blvd, Chicago, IL 60621",56,32,31,26,42,41.772998,-87.6373493
61,Bernhard Moos Elementary School,"1711 N California Ave, Chicago, IL 60647",75,69,65,65,58,41.9129724,-87.696402
62,Beulah Shoesmith Elementary School,"1330 E 50th St, Chicago, IL 60615",74,74,60,53,42,41.8049276,-87.5941802
63,Blair Early Childhood Center,"6751 W 63rd Pl, Chicago, IL 60638",-1,73,81,86,-1,41.7763768,-87.7896291
64,Bowen High School,"2710 E 89th St, Chicago, IL 60617",58,47,48,67,45,41.73427179999999,-87.5575844
65,Bret Harte Elementary School,"1556 E 56th St, Chicago, IL 60637",70,53,54,67,46,41.7937072,-87.5868057
66,Brian Piccolo Elementary Specialty School,"1040 N Keeler Ave, Chicago, IL 60651",83,79,74,55,71,41.9003529,-87.7321137
67,Bridgescape Academy Brainerd,"8908 S Ashland Ave, Chicago, IL 60620",50,-1,-1,-1,53,41.7315663,-87.6633147
68,Bridgescape Academy Humboldt Park,"2421 W Division, Chicago, IL 60622",44,49,37,-1,71,41.9026939,-87.687963
69,Bridgescape Academy Lawndale,"230 N Kolmar Ave, Chicago, IL 60624",44,-1,-1,-1,50,41.8842896,-87.7394384
70,Bridgescape Academy Roseland,"10928 S Halsted Ave, Chicago, IL 60661",46,-1,-1,-1,64,41.6950729,-87.64280959999999
71,Brighton Park Elementary School,"3825 S Washtenaw Ave, Chicago, IL 60632",52,46,57,42,25,41.8240076,-87.6917699
72,Bronzeville Scholastic Academy High School,"4934 S Wabash Ave, Chicago, IL 60615",71,24,24,30,43,41.804644,-87.62550030000001
73,Burnham Elementary Inclusive Academy,"9928 S Crandon Ave, Chicago, IL 60617",70,31,42,50,45,41.7145,-87.56737509999999
74,Burnside Elementary Scholastic Academy,"650 E 91st Pl, Chicago, IL 60619",81,44,49,46,59,41.7287519,-87.6076066
75,CICS - Avalon/South Shore,"1501 E 83rd Pl, Chicago, IL 60619",92,58,60,46,40,41.7429554,-87.5876955
76,CICS - Basil,"1816 W Garfield Blvd, Chicago, IL 60609",71,47,39,31,44,41.7942144,-87.6699027
77,CICS - Bucktown,"2235 N Hamilton Ave, Chicago, IL 60647",71,82,68,80,49,41.92254670000001,-87.68081
78,CICS - ChicagoQuest North,"1443 N Ogden Ave, Chicago, IL 60610",89,82,53,76,72,41.9074483,-87.64539429999999
79,CICS - Irving Park,"3820 N Spaulding Ave, Chicago, IL 60618",59,76,58,72,58,41.9507565,-87.71087299999999
80,CICS - Lloyd Bond,"13300 S Langley Ave, Chicago, IL 60827",74,54,48,33,49,41.6532972,-87.60557299999999
81,CICS - Longwood,"1309 W 95th St, Chicago, IL 60643",41,64,61,47,12,41.72025379999999,-87.6557239
82,CICS - Loomis Primary,"9535 S Loomis St, Chicago, IL 60643",-1,53,64,50,-1,41.7200074,-87.6569955
83,CICS - Northtown,"3900 W Peterson Ave, Chicago, IL 60659",88,94,89,93,83,41.9910317,-87.7275294
84,CICS - Prairie,"11530 S Prairie Ave, Chicago, IL 60628",32,51,47,49,30,41.6845604,-87.61651669999999
85,CICS - Ralph Ellison,"1817 W 80th St, Chicago, IL 60620",77,52,53,56,58,41.7480482,-87.66913219999999
86,CICS - Washington Park,"110 E 61st St, Chicago, IL 60637",94,61,47,41,48,41.7842096,-87.62118319999999
87,CICS - West Belden,"2245 N Mcvicker Ave, Chicago, IL 60639",73,68,47,78,64,41.9216407,-87.7766023
88,CICS - Wrightwood,"8130 S California Ave, Chicago, IL 60652",80,86,73,80,36,41.7451053,-87.6928567
89,Calmeca Academy of Fine Arts and Dual Language,"3456 W 38th St, Chicago, IL 60632",74,64,61,75,64,41.8245538,-87.71140009999999
90,Camelot - Chicago Excel Academy,"1257 W 111th St, Chicago, IL 60643",82,69,38,48,63,41.6919111,-87.65433660000001
91,Camelot Excel - Englewood HS,"7141 S Morgan, Chicago, IL 60621",92,73,66,43,77,41.7636438,-87.6489991
92,Camelot Excel - Southwest HS,"7014 S Washtenaw Ave, Chicago, IL 60629",82,72,-1,-1,72,41.7658704,-87.6909117
93,Camelot Safe Academy ES and HS,"7877 S Coles Ave, Chicago, IL 60649",99,99,87,-1,83,41.75226199999999,-87.55001519999999
94,Carl Schurz High School,"3601 N Milwaukee Ave, Chicago, IL 60641",67,54,47,45,51,41.9474657,-87.7352863
95,Carl von Linne Elementary School,"3221 N Sacramento Ave, Chicago, IL 60618",98,80,75,82,75,41.9405199,-87.7024047
96,Carrie Jacobs Bond Elementary School,"7050 S May St, Chicago, IL 60621",78,30,29,36,91,41.76575589999999,-87.65325759999999
97,Carroll-Rosenwald Specialty Elementary School,"2929 W 83rd St, Chicago, IL 60652",99,86,73,93,92,41.7421281,-87.6968203
98,Carter G Woodson South Elementary School,"4414 S Evans Ave, Chicago, IL 60653",90,46,43,53,61,41.814694,-87.60856
99,Catalyst Elementary Charter School - Circle Rock,"5608 W Washington Blvd, Chicago, IL 60644",92,72,68,68,61,41.88243569999999,-87.76537189999999
100,Catalyst Maria Charter Elementary School,"6727 S California Ave, Chicago, IL 60629",57,64,55,68,31,41.7709745,-87.69251009999999
101,Catalyst Maria Charter High School,"6727 S California Ave, Chicago, IL 60629",61,47,49,61,50,41.7709745,-87.69251009999999
102,Cesar E Chavez Multicultural Academic Center ES,"4747 S Marshfield Ave, Chicago, IL 60609",70,69,69,69,51,41.80780120000001,-87.6657403
103,Charles Allen Prosser Career Academy High School,"2148 N Long Ave, Chicago, IL 60639",86,55,36,55,65,41.9191471,-87.76171649999999
104,Charles Evans Hughes Elementary School,"4247 W 15th St, Chicago, IL 60623",81,57,58,46,54,41.8604761,-87.7312472
105,Charles G Hammond Elementary School,"2819 W 21st Pl, Chicago, IL 60623",49,50,52,67,36,41.8525346,-87.6963492
106,Charles Gates Dawes Elementary School,"3810 W 81st Pl, Chicago, IL 60652",93,82,72,70,57,41.7453732,-87.71803129999999
107,Charles H Wacker Elementary School,"9746 S Morgan St, Chicago, IL 60643",89,42,43,53,82,41.7161812,-87.6485943
108,Charles Kozminski Elementary Community Academy,"936 E 54th St, Chicago, IL 60615",63,60,56,66,35,41.7985756,-87.6023599
109,Charles N Holden Elementary School,"1104 W 31st St, Chicago, IL 60608",77,53,39,55,58,41.8381006,-87.65415159999999
110,Charles P Caldwell Academy of Math & Science ES,"8546 S Cregier Ave, Chicago, IL 60617",96,75,75,81,88,41.7393332,-87.5819078
111,Charles P Steinmetz College Preparatory HS,"3030 N Mobile Ave, Chicago, IL 60634",69,80,60,82,50,41.935631,-87.78415199999999
112,Charles R Darwin Elementary School,"3116 W Belden Ave, Chicago, IL 60647",75,64,57,66,60,41.923542,-87.7056382
113,Charles R Henderson Elementary School,"5650 S Wolcott Ave, Chicago, IL 60636",78,56,57,44,44,41.79099919999999,-87.672214
114,Charles S Brownell Elementary School,"6741 S Michigan Ave, Chicago, IL 60637",69,40,42,-1,52,41.7715893,-87.62140649999999
115,Charles S Deneen Elementary School,"7240 S Wabash Ave, Chicago, IL 60619",97,75,65,78,84,41.762424,-87.624028
116,Charles Sumner Math & Science Community Acad ES,"4320 W 5th Ave, Chicago, IL 60624",77,68,63,71,42,41.8715929,-87.7323445
117,Charles W Earle Elementary School,"2040 W 62nd St, Chicago, IL 60636",55,35,37,49,34,41.7816454,-87.6756705
118,Chicago Academy Elementary School,"3400 N Austin Ave, Chicago, IL 60634",75,59,54,63,46,41.9429136,-87.7770251
119,Chicago Academy High School,"3400 N Austin Ave, Chicago, IL 60634",76,60,54,52,57,41.9429136,-87.7770251
120,Chicago Collegiate Charter School,"11816 S Indiana, Chicago, IL 60628",45,43,40,45,25,41.6793831,-87.6182908
121,Chicago High School for Agricultural Sciences,"3857 W 111th St, Chicago, IL 60655",64,74,66,86,63,41.690225,-87.71764650000001
122,Chicago High School for the Arts (ChiArts),"2714 W Augusta Blvd, Chicago, IL 60622",70,34,24,53,60,41.8994704,-87.6948413
123,Chicago Math and Science Academy Charter School,"7212 N Clark St, Chicago, IL 60626",75,60,53,65,53,42.0134295,-87.67522869999999
124,Chicago Military Academy High School,"3519 S Giles Ave, Chicago, IL 60653",75,54,60,67,44,41.8301051,-87.6189808
125,Chicago Technology Academy High School,"1301 W 14th St, Chicago, IL 60608",65,78,64,67,64,41.8630879,-87.659893
126,Chicago Virtual Charter School,"38 S Peoria St, Chicago, IL 60607",57,57,43,60,59,41.8808766,-87.6500169
127,Chicago Vocational Career Academy High School,"2100 E 87th St, Chicago, IL 60617",82,60,56,60,55,41.7381992,-87.57233459999999
128,Christian Ebinger Elementary School,"7350 W Pratt Ave, Chicago, IL 60631",81,85,76,95,60,42.0046525,-87.8108201
129,Christian Fenger Academy High School,"11220 S Wallace St, Chicago, IL 60628",96,78,71,58,74,41.6897069,-87.63784
130,Christopher Columbus Elementary School,"1003 N Leavitt St, Chicago, IL 60622",95,86,72,97,82,41.8996893,-87.6814153
131,Christopher House Charter School,"5235 W Belden Ave, Chicago, IL 60639",-1,56,52,78,-1,41.9220519,-87.7578432
132,Clara Barton Elementary School,"7650 S Wolcott Ave, Chicago, IL 60620",82,59,51,56,52,41.754779,-87.67144359999999
133,Claremont Academy Elementary School,"2300 W 64th St, Chicago, IL 60636",97,66,60,62,80,41.7778253,-87.6814582
134,Collins Academy High School,"1313 S Sacramento Dr, Chicago, IL 60623",89,74,68,45,80,41.8643835,-87.7013284
135,Columbia Explorers Elementary Academy,"4520 S Kedzie Ave, Chicago, IL 60632",75,65,69,61,54,41.81094239999999,-87.7044449
136,Consuella B York Alternative HS,"2700 S California Ave, Chicago, IL 60608",64,59,64,40,40,41.8426106,-87.6953025
137,Countee Cullen Elementary School,"10650 S Eberhart Ave, Chicago, IL 60628",98,63,58,36,70,41.7002542,-87.61165679999999
138,Crown Community Academy of Fine Arts Center ES,"2128 S Saint Louis Ave, Chicago, IL 60623",92,75,65,66,86,41.8526667,-87.7127204
139,Cyrus H McCormick Elementary School,"2712 S Sawyer Ave, Chicago, IL 60623",-1,62,64,71,-1,41.8419924,-87.70656199999999
140,Daniel Boone Elementary School,"6710 N Washtenaw Ave, Chicago, IL 60645",86,79,67,73,62,42.0036359,-87.6978915
141,Daniel C Beard Elementary School,"6445 W Strong St, Chicago, IL 60656",-1,92,83,99,-1,41.9698878,-87.79029419999999
142,Daniel Hale Williams Prep School of Medicine,"4934 S Wabash Ave, Chicago, IL 60615",88,89,80,95,62,41.804644,-87.62550030000001
143,Daniel J Corkery Elementary School,"2510 S Kildare Ave, Chicago, IL 60623",64,54,46,70,35,41.8456062,-87.7322743
144,Daniel R Cameron Elementary School,"1234 N Monticello Ave, Chicago, IL 60651",95,68,63,65,58,41.9040722,-87.7182183
145,Daniel S Wentworth Elementary School,"1340 W 71st St, Chicago, IL 60636",67,37,48,43,33,41.7653931,-87.6583442
146,Daniel Webster Elementary School,"4055 W Arthington St, Chicago, IL 60624",82,52,52,45,85,41.8697045,-87.7270353
147,David G Farragut Career Academy High School,"2345 S Christiana Ave, Chicago, IL 60623",70,55,50,54,58,41.84955069999999,-87.70817869999999
148,DeVry University Advantage Academy HS,"3300 N Campbell Ave, Chicago, IL 60618",85,92,82,-1,85,41.94178369999999,-87.6920097
149,DeWitt Clinton Elementary School,"6110 N Fairfield Ave, Chicago, IL 60659",98,79,71,80,94,41.9924651,-87.69870689999999
150,Dewey Elementary Academy of Fine Arts,"5415 S Union Ave, Chicago, IL 60609",91,78,74,74,80,41.795945,-87.6423502
151,Disney II Magnet High School,"3900 N Lawndale Ave, Chicago, IL 60618",74,76,58,93,58,41.9522637,-87.72047649999999
152,Disney II Magnet School,"3815 N Kedvale Ave, Chicago, IL 60641",92,86,67,94,68,41.95044490000001,-87.730344
153,Donald Morrill Math & Science Elementary School,"6011 S Rockwell St, Chicago, IL 60629",44,21,15,35,31,41.78402759999999,-87.68823270000001
154,Douglas Taylor Elementary School,"9912 S Avenue H, Chicago, IL 60617",46,32,8,51,33,41.7153667,-87.5333265
155,Dr Martin Luther King Jr College Prep HS,"4445 S Drexel Blvd, Chicago, IL 60653",81,41,39,53,56,41.8138791,-87.6027457
156,Dr Jorge Prieto Math and Science,"2231 N Central Ave, Chicago, IL 60639",65,46,39,51,26,41.9209951,-87.76517609999999
157,Dr. Martin L. King Jr Academy of Social Justice,"644 W 71st St, Chicago, IL 60621",52,42,45,29,47,41.7655897,-87.6413094
158,Dunne Technology Academy,"10845 S Union Ave, Chicago, IL 60628",99,84,68,71,99,41.6964204,-87.6397648
159,Durkin Park Elementary School,"8445 S Kolin Ave, Chicago, IL 60652",74,67,68,75,47,41.7390682,-87.72942069999999
160,Dvorak Technology Academy,"3615 W 16th St, Chicago, IL 60623",90,71,62,46,67,41.858617,-87.7154932
161,EPIC Academy Charter High School,"8255 S Houston Ave, Chicago, IL 60617",87,59,57,60,63,41.7449115,-87.5497448
162,Edgar Allan Poe Elementary Classical School,"10538 S Langley Ave, Chicago, IL 60628",90,60,46,89,49,41.7023697,-87.60675789999999
163,Edgebrook Elementary School,"6525 N Hiawatha Ave, Chicago, IL 60646",70,58,63,70,57,41.9997272,-87.7607268
164,Edison Park Elementary School,"6220 N Olcott Ave, Chicago, IL 60631",69,35,49,72,56,41.99394410000001,-87.8141481
165,Edmond Burke Elementary School,"5356 S King Dr, Chicago, IL 60615",74,66,60,58,59,41.7971159,-87.6165188
166,Edward A Bouchet Math & Science Academy ES,"7355 S Jeffery Blvd, Chicago, IL 60649",96,87,71,77,69,41.7611937,-87.5755002
167,Edward Beasley Elementary Magnet Academic Center,"5255 S State St, Chicago, IL 60609",82,70,51,78,45,41.7990451,-87.6250366
168,Edward Coles Elementary Language Academy,"8441 S Yates Blvd, Chicago, IL 60617",87,56,48,36,36,41.7414697,-87.5652307
169,Edward Everett Elementary School,"3419 S Bell Ave, Chicago, IL 60608",-1,83,71,90,-1,41.8317132,-87.6811453
170,Edward Jenner Elementary Academy of the Arts,"1119 N Cleveland Ave, Chicago, IL 60610",53,34,30,45,40,41.9021258,-87.6408307
171,Edward K Ellington Elementary School,"243 N Parkside Ave, Chicago, IL 60644",92,66,63,59,95,41.8855384,-87.7663785
172,Edward N Hurley Elementary School,"3849 W 69th Pl, Chicago, IL 60629",60,62,48,66,38,41.7663724,-87.71880089999999
173,Edward Tilden Career Community Academy HS,"4747 S Union Ave, Chicago, IL 60609",61,72,60,43,49,41.8075106,-87.6424668
174,Edward White Elementary Career Academy,"1136 W 122nd St, Chicago, IL 60643",69,53,52,50,44,41.6727619,-87.65025159999999
175,Edwin G. Foreman College and Career Academy,"3235 N Leclaire Ave, Chicago, IL 60641",73,35,23,39,59,41.93958689999999,-87.7532676
176,Eli Whitney Elementary School,"2815 S Komensky Ave, Chicago, IL 60623",64,46,39,52,39,41.8400368,-87.7253424
177,Eliza Chappell Elementary School,"2135 W Foster Ave, Chicago, IL 60625",80,80,77,94,60,41.9750589,-87.6833838
178,Elizabeth H Sutherland Elementary School,"10015 S Leavitt St, Chicago, IL 60643",59,58,65,81,41,41.7113421,-87.67652819999999
179,Ella Flagg Young Elementary School,"1434 N Parkside Ave, Chicago, IL 60651",71,64,58,74,39,41.90647209999999,-87.7674863
180,Ellen H Richards Career Academy High School,"5009 S Laflin St, Chicago, IL 60609",46,50,59,37,42,41.8027526,-87.6620432
181,Ellen Mitchell Elementary School,"2233 W Ohio St, Chicago, IL 60612",87,91,81,94,72,41.8919042,-87.68342349999999
182,Emil G Hirsch Metropolitan High School,"7740 S Ingleside Ave, Chicago, IL 60619",78,55,44,51,80,41.75397479999999,-87.601897
183,Emiliano Zapata Elementary Academy,"2728 S Kostner Ave, Chicago, IL 60623",92,71,71,73,69,41.8417006,-87.7349604
184,Emmett Louis Till Math and Science Academy,"6543 S Champlain Ave, Chicago, IL 60637",93,71,58,60,87,41.7759579,-87.6090724
185,Enrico Tonti Elementary School,"5815 S Homan Ave, Chicago, IL 60629",-1,38,38,46,-1,41.7873628,-87.70779379999999
186,Eric Solorio Academy High School,"5400 S St Louis Ave, Chicago, IL 60632",80,81,70,64,70,41.795206,-87.7116427
187,Erie Elementary Charter School,"1405 N Washtenaw Ave, Chicago, IL 60622",47,38,33,44,33,41.9070034,-87.69411889999999
188,Ernst Prussing Elementary School,"4650 N Menard Ave, Chicago, IL 60630",62,53,51,63,34,41.965711,-87.7731336
189,Esmond Elementary School,"1865 W Montvale Ave, Chicago, IL 60643",80,75,71,81,42,41.6892972,-87.6693248
190,Eugene Field Elementary School,"7019 N Ashland Ave, Chicago, IL 60626",87,91,74,81,47,42.00973279999999,-87.66956019999999
191,Everett McKinley Dirksen Elementary School,"8601 W Foster Ave, Chicago, IL 60656",48,56,55,55,31,41.97310590000001,-87.8418524
192,Evergreen Academy Middle School,"3537 S Paulina St, Chicago, IL 60609",97,92,93,87,69,41.8289489,-87.66759119999999
193,Fairfield Elementary Academy,"6201 S Fairfield Ave, Chicago, IL 60629",63,32,39,48,32,41.7806706,-87.6916246
194,Federico Garcia Lorca Elementary School,"3231 N Springfield Ave, Chicago, IL 60618",75,64,58,62,52,41.9400245,-87.724265
195,Ferdinand Peck Elementary School,"3826 W 58th St, Chicago, IL 60629",-1,85,75,92,-1,41.7881371,-87.7194166
196,Fernwood Elementary School,"10041 S Union Ave, Chicago, IL 60628",91,67,65,56,93,41.71107,-87.640153
197,Florence Nightingale Elementary School,"5250 S Rockwell St, Chicago, IL 60632",75,57,60,73,50,41.7981868,-87.68941559999999
198,Fort Dearborn Elementary School,"9025 S Throop St, Chicago, IL 60620",71,50,47,30,43,41.72988350000001,-87.6551073
199,Foster Park Elementary School,"8530 S Wood St, Chicago, IL 60620",89,58,54,67,89,41.7386679,-87.66847729999999
200,Foundations College Preparatory Charter School,"1233 W 109th Pl, Chicago, IL 60643",90,69,65,51,45,41.694687,-87.65310339999999
201,Francis M McKay Elementary School,"6901 S Fairfield Ave, Chicago, IL 60629",88,76,68,60,43,41.7677443,-87.6915121
202,Francis W Parker Elementary Community Academy,"6800 S Stewart Ave, Chicago, IL 60621",78,81,65,60,36,41.7708441,-87.63258569999999
203,Francisco I Madero Middle School,"3202 W 28th St, Chicago, IL 60623",86,84,85,75,53,41.8416567,-87.705321
204,Frank I Bennett Elementary School,"10115 S Prairie Ave, Chicago, IL 60628",97,68,67,54,45,41.7103687,-87.6169695
205,Frank L Gillespie Elementary School,"9301 S State St, Chicago, IL 60619",83,66,62,60,69,41.7252002,-87.6231245
206,Frank W Gunsaulus Elementary Scholastic Academy,"4420 S Sacramento Ave, Chicago, IL 60632",80,76,56,84,54,41.8125187,-87.69978689999999
207,Frank W Reilly Elementary School,"3650 W School St, Chicago, IL 60618",57,33,32,55,41,41.9413151,-87.7190318
208,Franklin Elementary Fine Arts Center,"225 W Evergreen Ave, Chicago, IL 60610",73,63,50,82,40,41.9062407,-87.6356041
209,Franz Peter Schubert Elementary School,"2727 N Long Ave, Chicago, IL 60639",-1,60,53,80,-1,41.9300492,-87.7607268
210,Frazier Preparatory Academy Charter School,"3711 W Douglas Blvd, Chicago, IL 60623",46,18,19,31,14,41.8618541,-87.7183391
211,Frazier Prospective IB Magnet ES,"4027 W Grenshaw St, Chicago, IL 60624",89,68,52,64,62,41.8667787,-87.7261504
212,Frederic Chopin Elementary School,"2450 W Rice St, Chicago, IL 60622",41,45,52,50,18,41.8970449,-87.6885052
213,Frederick A Douglass Academy High School,"543 N Waller Ave, Chicago, IL 60644",74,79,61,56,71,41.8903432,-87.76733910000002
214,Frederick Funston Elementary School,"2010 N Central Park Ave, Chicago, IL 60647",72,47,43,61,58,41.9178435,-87.71715239999999
215,Frederick Stock Elementary School,"7507 W Birchwood Ave, Chicago, IL 60631",-1,77,66,98,-1,42.0164659,-87.81459629999999
216,Friedrich L. Jahn Elementary of the Fine Arts,"3149 N Wolcott Ave, Chicago, IL 60657",59,36,32,53,50,41.9390936,-87.67531249999999
217,Friedrich W von Steuben Metropolitan Science HS,"5039 N Kimball Ave, Chicago, IL 60625",75,68,48,74,63,41.9732156,-87.7130686
218,Gage Park High School,"5630 S Rockwell St, Chicago, IL 60629",49,62,51,72,40,41.7910374,-87.6894698
219,Galileo Math & Science Scholastic Academy ES,"820 S Carpenter St, Chicago, IL 60607",68,46,56,57,38,41.8709847,-87.65353010000001
220,Genevieve Melody Elementary School,"3937 W Wilcox St, Chicago, IL 60624",82,56,50,48,67,41.8784114,-87.72418809999999
221,George Armstrong International Studies ES,"2110 W Greenleaf Ave, Chicago, IL 60645",86,91,77,87,58,42.0105946,-87.68453919999999
222,George B McClellan Elementary School,"3527 S Wallace St, Chicago, IL 60609",65,68,58,78,37,41.8303859,-87.64096250000001
223,George B Swift Elementary Specialty School,"5900 N Winthrop Ave, Chicago, IL 60660",66,45,41,66,40,41.9891867,-87.65849589999999
224,George F Cassell Elementary School,"11314 S Spaulding Ave, Chicago, IL 60655",90,63,61,72,71,41.6874598,-87.7037905
225,George H Corliss High School,"821 E 103rd St, Chicago, IL 60628",65,61,51,55,45,41.7066424,-87.6027457
226,George Leland Elementary School,"512 S Lavergne Ave, Chicago, IL 60644",72,91,83,90,28,41.8736402,-87.74972389999999
227,George M Pullman Elementary School,"11311 S Forrestville Ave, Chicago, IL 60628",78,40,45,57,55,41.6886423,-87.60884100000001
228,George Manierre Elementary School,"1420 N Hudson Ave, Chicago, IL 60610",64,50,44,52,36,41.9081325,-87.6406155
229,George Rogers Clark Elementary School,"1045 S Monitor Ave, Chicago, IL 60644",98,83,68,93,86,41.8679458,-87.7699914
230,George W Curtis Elementary School,"32 E 115th St, Chicago, IL 60628",81,63,65,61,46,41.6858836,-87.62218589999999
231,George W Tilton Elementary School,"223 N Keeler Ave, Chicago, IL 60624",75,67,60,54,59,41.8841096,-87.7300362
232,George Washington Carver Military Academy HS,"13100 S Doty Ave, Chicago, IL 60627",75,74,59,82,56,41.6565611,-87.5894723
233,George Washington Carver Primary School,"901 E 133rd Pl, Chicago, IL 60827",61,26,4,8,33,41.6531813,-87.6010096
234,George Washington Elementary School,"3611 E 114th St, Chicago, IL 60617",71,61,56,68,51,41.6878095,-87.5360311
235,George Washington High School,"3535 E 114th St, Chicago, IL 60617",64,55,38,56,53,41.6875577,-87.5388128
236,George Westinghouse College Prep,"3223 W Franklin Blvd, Chicago, IL 60624",91,82,76,89,72,41.889428,-87.7073041
237,Gerald Delgado Kanoon Elementary Magnet School,"2233 S Kedzie Ave, Chicago, IL 60623",78,70,53,74,58,41.8504934,-87.7048684
238,Great Lakes Academy Charter School,"8401 S Saginaw Ave, Chicago, IL 60617",-1,48,48,53,-1,41.74240229999999,-87.55970889999999
239,Greater Lawndale High School For Social Justice,"3120 S Kostner Ave, Chicago, IL 60623",83,85,66,74,56,41.8354286,-87.73565289999999
240,Grover Cleveland Elementary School,"3121 W Byron St, Chicago, IL 60618",76,58,57,65,41,41.9516974,-87.7059845
241,Gurdon S Hubbard High School,"6200 S Hamlin Ave, Chicago, IL 60629",69,72,65,74,53,41.7801987,-87.71864699999999
242,Gwendolyn Brooks College Preparatory Academy HS,"250 E 111th St, Chicago, IL 60628",72,66,52,71,51,41.6941786,-87.616941
243,Hannah G Solomon Elementary School,"6206 N Hamlin Ave, Chicago, IL 60659",72,44,42,57,58,41.9943827,-87.72489139999999
244,Hanson Park Elementary School,"5411 W Fullerton Ave, Chicago, IL 60639",60,41,49,57,32,41.9235012,-87.762649
245,Harold Washington Elementary School,"9130 S University Ave, Chicago, IL 60619",58,49,44,46,29,41.728524,-87.5966497
246,Harriet Beecher Stowe Elementary School,"3444 W Wabansia Ave, Chicago, IL 60647",60,35,38,56,43,41.9124946,-87.71314369999999
247,Harriet E Sayre Elementary Language Academy,"1850 N Newland Ave, Chicago, IL 60707",66,26,22,51,52,41.9137437,-87.7991567
248,Hawthorne Elementary Scholastic Academy,"3319 N Clifton Ave, Chicago, IL 60657",76,51,51,75,47,41.9422554,-87.6575749
249,Helen M Hefferan Elementary School,"4409 W Wilcox St, Chicago, IL 60624",97,61,60,57,92,41.8784137,-87.7361145
250,Helen Peirce International Studies ES,"1423 W Bryn Mawr Ave, Chicago, IL 60660",78,54,43,73,53,41.9830756,-87.6664354
251,Helge A Haugan Elementary School,"4540 N Hamlin Ave, Chicago, IL 60625",87,65,51,57,58,41.9637112,-87.7238033
252,Henry Clay Elementary School,"13231 S Burley Ave, Chicago, IL 60633",63,48,39,54,42,41.6545892,-87.5439894
253,Henry D Lloyd Elementary School,"2103 N Lamon Ave, Chicago, IL 60639",-1,53,53,59,-1,41.919018,-87.7482678
254,Henry H Nash Elementary School,"4837 W Erie St, Chicago, IL 60644",94,66,52,62,88,41.8917326,-87.7471147
255,Henry O Tanner Elementary School,"7350 S Evans Ave, Chicago, IL 60619",89,71,59,63,63,41.7607639,-87.6069893
256,Henry R Clissold Elementary School,"2350 W 110th Pl, Chicago, IL 60643",57,45,40,60,30,41.6934541,-87.68061089999999
257,Hiram H Belding Elementary School,"4257 N Tripp Ave, Chicago, IL 60641",72,78,75,90,54,41.958895,-87.733679
258,Hope College Preparatory High School,"5515 S Lowe Ave, Chicago, IL 60621",72,59,61,45,66,41.7935487,-87.6410011
259,Hope Institute Learning Academy,"1628 W Washington, Chicago, IL 60612",-1,89,84,95,-1,41.8837244,-87.6680542
260,Horace Greeley Elementary School,"832 W Sheridan Rd, Chicago, IL 60613",60,70,59,81,25,41.953063,-87.65067289999999
261,Horace Mann Elementary School,"8050 S Chappel Ave, Chicago, IL 60617",95,71,65,60,57,41.7485181,-87.5751142
262,Horizon Science Academy Southwest Chicago Charter,"5401 S Western Ave, Chicago, IL 60609",38,32,31,45,20,41.7953769,-87.681308
263,Hyde Park Academy High School,"6220 S Stony Island Ave, Chicago, IL 60637",64,47,43,37,49,41.7821025,-87.5870796
264,Hyman G Rickover Naval Academy High School,"5900 N Glenwood Ave, Chicago, IL 60660",68,62,59,78,63,41.9890422,-87.6668207
265,Ida B Wells Preparatory Elementary Academy,"249 E 37th St, Chicago, IL 60653",90,69,55,68,43,41.826885,-87.6197949
266,Infinity Math Science and Technology High School,"3120 S Kostner Ave, Chicago, IL 60623",72,63,52,62,56,41.8354286,-87.73565289999999
267,Instituto - Justice Lozano,"2570 S Blue Island Ave, Chicago, IL 60608",52,-1,-1,-1,67,41.8456193,-87.6841926
268,Instituto Health Sciences Career Academy,"2520 S Western Ave, Chicago, IL 60608",65,31,26,43,51,41.8457696,-87.6859219
269,Inter-American Elementary Magnet School,"851 W Waveland Ave, Chicago, IL 60613",70,49,38,85,20,41.9481651,-87.65155969999999
270,Intrinsic Charter School,"4540 W Belmont Ave, Chicago, IL 60641",75,53,45,84,66,41.9395782,-87.74103559999999
271,Ira F Aldridge Elementary School,"630 E 131st St, Chicago, IL 60827",87,71,58,70,37,41.6574136,-87.6074687
272,Irene C. Hernandez Middle School for the Advancement of Science,"3510 W 55th St, Chicago, IL 60632",66,44,37,48,36,41.7938036,-87.7116341
273,Irma C Ruiz Elementary School,"2410 S Leavitt St, Chicago, IL 60608",87,91,78,94,53,41.8477733,-87.6813811
274,Irvin C Mollison Elementary School,"4415 S Dr Martin L King Jr Dr, Chicago, IL 60653",57,17,23,29,42,41.8142409,-87.61596589999999
275,Isabelle C O'Keeffe Elementary School,"6940 S Merrill Ave, Chicago, IL 60649",82,35,45,37,69,41.7687563,-87.57302949999999
276,Jackie Robinson Elementary School,"4225 S Lake Park Ave, Chicago, IL 60653",-1,74,75,88,-1,41.817166,-87.5983566
277,Jacob Beidler Elementary School,"3151 W Walnut St, Chicago, IL 60612",92,63,53,61,84,41.8850841,-87.7048684
278,Jacqueline B Vaughn Occupational High School,"4355 N Linder Ave, Chicago, IL 60641",73,86,70,91,57,41.9603258,-87.7644175
279,James B Farnsworth Elementary School,"5414 N Linder Ave, Chicago, IL 60630",60,84,76,89,38,41.9800274,-87.76641649999999
280,James B McPherson Elementary School,"4728 N Wolcott Ave, Chicago, IL 60640",75,84,70,81,51,41.9684981,-87.67668100000002
281,James E McDade Elementary Classical School,"8801 S Indiana Ave, Chicago, IL 60619",41,-1,-1,-1,17,41.7343086,-87.61875359999999
282,James G Blaine Elementary School,"1420 W Grace St, Chicago, IL 60613",66,64,68,89,43,41.9509176,-87.6649714
283,James Hedges Elementary School,"4747 S Winchester Ave, Chicago, IL 60609",50,37,28,50,22,41.8072912,-87.67310049999999
284,James Madison Elementary School,"7433 S Dorchester Ave, Chicago, IL 60619",80,63,61,62,57,41.7599536,-87.5904757
285,James Monroe Elementary School,"3651 W Schubert Ave, Chicago, IL 60647",65,66,58,63,39,41.929614,-87.71880089999999
286,James N Thorp Elementary School,"8914 S Buffalo Ave, Chicago, IL 60617",82,48,49,53,67,41.7331839,-87.54476199999999
287,James Otis Elementary School,"525 N Armour St, Chicago, IL 60622",66,45,30,53,43,41.8916477,-87.665066
288,James R Doolittle Jr Elementary School,"535 E 35th St, Chicago, IL 60616",49,31,22,15,22,41.8306422,-87.6122838
289,James Russell Lowell Elementary School,"3320 W Hirsch St, Chicago, IL 60651",65,72,60,75,49,41.9067442,-87.71041110000002
290,James Shields Elementary School,"4250 S Rockwell St, Chicago, IL 60632",-1,70,61,72,-1,41.8162824,-87.6900074
291,James Shields Middle School,"2611 W 48th St, Chicago, IL 60632",80,88,80,65,38,41.80628189999999,-87.68998359999999
292,James Wadsworth Elementary School,"6650 S Ellis Ave, Chicago, IL 60637",86,52,52,47,60,41.774602,-87.60127299999999
293,James Ward Elementary School,"2701 S Shields Ave, Chicago, IL 60616",59,70,69,84,37,41.8434618,-87.63509529999999
294,James Weldon Johnson Elementary School,"1420 S Albany Ave, Chicago, IL 60623",89,83,66,51,58,41.8619073,-87.7035183
295,Jane A Neil Elementary School,"8555 S Michigan Ave, Chicago, IL 60619",60,50,44,49,35,41.7386141,-87.62057639999999
296,Jane Addams Elementary School,"10810 S Avenue H, Chicago, IL 60617",72,68,48,66,47,41.6978741,-87.5337129
297,Jean Baptiste Beaubien Elementary School,"5025 N Laramie Ave, Chicago, IL 60630",78,58,63,74,57,41.9721047,-87.7570358
298,Jensen Elementary Scholastic Academy,"3030 W Harrison St, Chicago, IL 60612",-1,67,57,64,-1,41.87402170000001,-87.70224809999999
299,Jesse Owens Elementary Community Academy,"12302 S State St, Chicago, IL 60628",90,67,61,59,84,41.6705466,-87.62318929999999
300,Jesse Sherwood Elementary School,"245 W 57th St, Chicago, IL 60621",94,63,56,77,85,41.7906188,-87.63216899999999
301,Johann W von Goethe Elementary School,"2236 N Rockwell St, Chicago, IL 60647",64,74,66,83,36,41.9226323,-87.6931967
302,John A Walsh Elementary School,"2015 S Peoria St, Chicago, IL 60608",66,61,42,73,33,41.85465869999999,-87.6479006
303,John B Drake Elementary School,"2710 S Dearborn St, Chicago, IL 60616",89,80,74,86,84,41.8434037,-87.6286981
304,John B Murphy Elementary School,"3539 W Grace St, Chicago, IL 60618",88,37,38,67,75,41.9497364,-87.7170874
305,John Barry Elementary School,"2828 N Kilbourn Ave, Chicago, IL 60641",67,59,59,66,41,41.9325055,-87.7397302
306,John C Burroughs Elementary School,"3542 S Washtenaw Ave, Chicago, IL 60632",77,72,69,67,59,41.8288313,-87.69269709999999
307,John C Coonley Elementary School,"4046 N Leavitt St, Chicago, IL 60618",73,78,69,98,56,41.9554822,-87.6839294
308,John C Dore Elementary School,"6108 S Natoma Ave, Chicago, IL 60638",73,72,60,80,37,41.7803812,-87.78778489999999
309,John Charles Haines Elementary School,"247 W 23rd Pl, Chicago, IL 60616",61,54,54,71,52,41.8498294,-87.63367629999999
310,John D Shoop Math-Science Technical Academy ES,"11140 S Bishop St, Chicago, IL 60643",93,67,66,53,89,41.6910049,-87.6587826
311,John F Eberhart Elementary School,"3400 W 65th Pl, Chicago, IL 60629",87,49,57,62,52,41.774628,-87.70833510000001
312,John F Kennedy High School,"6325 W 56th St, Chicago, IL 60638",71,42,30,57,50,41.7902256,-87.78031639999999
313,John Fiske Elementary School,"6020 S Langley Ave, Chicago, IL 60637",99,95,90,99,85,41.7852002,-87.60899529999999
314,John Foster Dulles Elementary School,"6311 S Calumet Ave, Chicago, IL 60637",79,53,55,47,66,41.7799226,-87.6167095
315,John Greenleaf Whittier Elementary School,"1900 W 23rd St, Chicago, IL 60608",84,87,76,97,56,41.8507608,-87.6746993
316,John H Hamline Elementary School,"4747 S Bishop St, Chicago, IL 60609",47,37,28,46,29,41.8072923,-87.6609932
317,John H Kinzie Elementary School,"5625 S Mobile Ave, Chicago, IL 60638",85,88,72,89,64,41.7892253,-87.7811371
318,John H Vanderpoel Elementary Magnet School,"9510 S Prospect Ave, Chicago, IL 60643",64,39,30,64,60,41.720576,-87.6658575
319,John Hancock College Preparatory High School,"4034 W 56th St, Chicago, IL 60629",91,78,74,78,71,41.7919642,-87.7249427
320,John Harvard Elementary School of Excellence,"7525 S Harvard, Chicago, IL 60620",64,69,66,48,35,41.7578672,-87.6322884
321,John Hay Elementary Community Academy,"1018 N Laramie Ave, Chicago, IL 60651",78,69,57,62,31,41.8995886,-87.7564206
322,John J Audubon Elementary School,"3500 N Hoyne Ave, Chicago, IL 60618",66,64,50,78,59,41.9453833,-87.6811506
323,John J Pershing Elementary Humanities Magnet,"3200 S Calumet Ave, Chicago, IL 60616",95,67,50,69,77,41.8360169,-87.6185579
324,John L Marsh Elementary School,"9822 S Exchange Ave, Chicago, IL 60617",71,50,53,60,54,41.7164104,-87.5531051
325,John M Harlan Community Academy High School,"9652 S Michigan Ave, Chicago, IL 60628",64,32,31,39,48,41.71761,-87.6215689
326,John Marshall Metropolitan High School,"3250 W Adams St, Chicago, IL 60624",90,75,56,81,80,41.8790699,-87.70656199999999
327,John Milton Gregory Elementary School,"3715 W Polk St, Chicago, IL 60624",81,76,70,49,60,41.8704694,-87.7185817
328,John Palmer Elementary School,"5051 N Kenneth Ave, Chicago, IL 60630",73,51,54,69,57,41.9729883,-87.738884
329,John Spry Elementary Community School,"2400 S Marshall Blvd, Chicago, IL 60623",66,49,46,62,42,41.8475985,-87.69978019999999
330,John T McCutcheon Elementary School,"4865 N Sheridan Rd, Chicago, IL 60640",98,75,70,63,89,41.9711442,-87.6544905
331,John T Pirie Fine Arts & Academic Center ES,"650 E 85th St, Chicago, IL 60619",79,73,61,61,47,41.7406612,-87.60830089999999
332,John W Cook Elementary School,"8150 S Bishop St, Chicago, IL 60620",75,48,11,40,51,41.745843,-87.66003959999999
333,John W Garvy Elementary School,"5225 N Oak Park Ave, Chicago, IL 60656",67,55,52,71,44,41.9762615,-87.79592989999999
334,John Whistler Elementary School,"11533 S Ada St, Chicago, IL 60643",85,62,65,79,60,41.6841424,-87.6549532
335,Johnnie Colemon Elementary Academy,"1441 W 119th St, Chicago, IL 60643",96,82,73,79,67,41.6773755,-87.65703169999999
336,Jonathan Burr Elementary School,"1621 W Wabansia Ave, Chicago, IL 60622",94,84,76,88,80,41.9122618,-87.6683613
337,Jonathan Y Scammon Elementary School,"4201 W Henderson St, Chicago, IL 60641",77,52,56,62,47,41.9411117,-87.7332486
338,Jordan Elementary Community School,"7414 N Wolcott Ave, Chicago, IL 60626",62,39,39,48,41,42.0171179,-87.6780632
339,Jose De Diego Elementary Community Academy,"1313 N Claremont Ave, Chicago, IL 60622",69,75,67,75,42,41.9060903,-87.6854652
340,Josefa Ortiz De Dominguez Elementary School,"3000 S Lawndale Ave, Chicago, IL 60623",-1,56,66,70,-1,41.8381774,-87.7176475
341,Joseph Brennemann Elementary School,"4251 N Clarendon Ave, Chicago, IL 60613",-1,70,72,68,-1,41.9600422,-87.6492392
342,Joseph E Gary Elementary School,"3740 W 31st St, Chicago, IL 60623",78,55,47,70,52,41.8378931,-87.71888380000001
343,Joseph Jungman Elementary School,"1746 S Miller St, Chicago, IL 60608",93,57,60,64,87,41.8585937,-87.65248179999999
344,Joseph Kellman Corporate Community ES,"3030 W Arthington St, Chicago, IL 60612",71,65,46,72,33,41.8703026,-87.70224689999999
345,Joseph Lovett Elementary School,"6333 W Bloomingdale Ave, Chicago, IL 60639",92,68,56,78,59,41.9124905,-87.78422979999999
346,Joseph Warren Elementary School,"9239 S Jeffery Ave, Chicago, IL 60617",88,64,61,46,66,41.7268306,-87.5751914
347,Josephine C Locke Elementary School,"2828 N Oak Park Ave, Chicago, IL 60634",91,79,68,84,68,41.9316578,-87.79592989999999
348,Joshua D Kershaw Elementary School,"6450 S Lowe Ave, Chicago, IL 60621",72,65,58,73,46,41.7765492,-87.6415407
349,Josiah Pickard Elementary School,"2301 W 21st Pl, Chicago, IL 60608",78,81,80,93,59,41.8522534,-87.6840804
350,Joyce Kilmer Elementary School,"6700 N Greenview Ave, Chicago, IL 60626",97,57,50,75,79,42.0041643,-87.66842179999999
351,Julia Ward Howe Elementary School of Excellence,"720 N Lorel Ave, Chicago, IL 60644",75,32,38,27,41,41.8938451,-87.76003469999999
352,KIPP Academy Chicago Campus,"4818 W Ohio St, Chicago, IL 60644",95,93,85,68,65,41.8916476,-87.7467302
353,KIPP Ascend Charter School,"1616 S Avers Ave, Chicago, IL 60623",86,58,48,54,45,41.8581248,-87.7219563
354,KIPP Chicago Charter School - KIPP Bloom,"5515 S Lowe Ave, Chicago, IL 60621",87,72,67,69,40,41.7935487,-87.6410011
355,KIPP One Academy,"730 N Pulaski Rd, Chicago, IL 60624",99,86,72,78,94,41.8941496,-87.72646209999999
356,Kate S Kellogg Elementary School,"9241 S Leavitt St, Chicago, IL 60620",88,78,68,82,70,41.7251914,-87.67683629999999
357,Kelvyn Park High School,"4343 W Wrightwood Ave, Chicago, IL 60639",59,72,43,52,48,41.9272439,-87.7359639
358,Kenwood Academy High School,"5015 S Blackstone Ave, Chicago, IL 60615",98,80,72,91,74,41.8032019,-87.58962670000001
359,Kwame Nkrumah Academy Charter School,"314 W 108th St, Chicago, IL 60628",56,22,24,28,13,41.69725589999999,-87.6311154
360,L.E.A.R.N. - 7th Campus,"3021 W Carroll Ave, Chicago, IL 60612",-1,47,53,51,-1,41.8874947,-87.70252339999999
361,L.E.A.R.N. - Charles and Dorothy Campbell Campus,"212 S Francisco Ave, Chicago, IL 60612",-1,95,89,97,-1,41.8779877,-87.6990118
362,L.E.A.R.N. - Excel Campus,"3021 W Carroll Ave, Chicago, IL 60612",-1,92,87,98,-1,41.8874947,-87.70252339999999
363,L.E.A.R.N. - Hunter Perkins Campus,"1700 W. 83rd Street, Chicago, IL 60620",67,78,79,70,40,41.7433783,-87.66595389999999
364,L.E.A.R.N. - Middle School Campus,"3021 W Carroll Ave, Chicago, IL 60612",78,61,72,36,34,41.8874947,-87.70252339999999
365,L.E.A.R.N. - Romano Butler Campus,"1132 S Homan Ave, Chicago, IL 60624",71,51,52,41,36,41.8670964,-87.7109796
366,L.E.A.R.N. - South Chicago Campus,"8914 S. Buffalo Avenue, Chicago, IL 60617",85,55,49,42,33,41.7331839,-87.54476199999999
367,LaSalle Elementary Language Academy,"1734 N Orleans St, Chicago, IL 60614",81,55,39,73,67,41.9138023,-87.6378393
368,LaSalle II Magnet Elementary School,"1148 N Honore St, Chicago, IL 60622",70,77,73,80,48,41.9026912,-87.6744482
369,Lake View High School,"4015 N Ashland Ave, Chicago, IL 60613",52,48,30,51,44,41.9551713,-87.668517
370,Langston Hughes Elementary School,"240 W 104th St, Chicago, IL 60628",75,65,59,58,33,41.70587039999999,-87.6293582
371,Laughlin Falconer Elementary School,"3020 N Lamon Ave, Chicago, IL 60641",81,69,62,66,65,41.9355753,-87.7501048
372,Laura S Ward Elementary School,"646 N Lawndale Ave, Chicago, IL 60624",96,61,59,69,57,41.8931181,-87.7190318
373,Lawndale Elementary Community Academy,"3500 W Douglas Blvd, Chicago, IL 60623",78,52,40,44,37,41.8631549,-87.7132915
374,Lazaro Cardenas Elementary School,"2345 S Millard Ave, Chicago, IL 60623",-1,71,73,68,-1,41.8483814,-87.7157926
375,Legacy Charter School,"3318 West Ogden Ave, Chicago, IL 60623",79,54,55,58,53,41.8568682,-87.7084938
376,Legal Prep Charter Academy,"4319 W Washington Blvd, Chicago, IL 60612",64,67,67,53,48,41.88147,-87.73380639999999
377,Leif Ericson Elementary Scholastic Academy,"3600 W 5th Ave, Chicago, IL 60624",77,52,63,62,32,41.8760781,-87.7161828
378,Lenart Elementary Regional Gifted Center,"8101 S Lasalle St, Chicago, IL 60620",46,43,52,83,45,41.7465803,-87.6276616
379,Leslie Lewis Elementary School,"1431 N Leamington Ave, Chicago, IL 60651",99,96,88,82,75,41.9071425,-87.7542673
380,Lillian R. Nicholson STEM Academy,"6006 S Peoria St, Chicago, IL 60621",-1,16,10,29,-1,41.7845987,-87.6477079
381,Lincoln Park High School,"2001 N Orchard St, Chicago, IL 60614",80,-1,-1,-1,49,41.9193918,-87.6455484
382,Lionel Hampton Fine & Performing Arts ES,"3434 W 77th St, Chicago, IL 60652",46,66,49,59,22,41.75381,-87.7084096
383,Little Black Pearl Art and Design Academy,"1060 E 47th St, Chicago, IL 60653",92,-1,-1,-1,63,41.8100142,-87.5995841
384,Little Village Elementary School,"2620 S Lawndale Ave, Chicago, IL 60623",60,59,63,55,46,41.8429887,-87.7174933
385,Logandale Middle School,"3212 W George St, Chicago, IL 60618",64,73,63,69,44,41.9341239,-87.7079477
386,Lorenz Brentano Math & Science Academy ES,"2723 N Fairfield Ave, Chicago, IL 60647",80,68,63,78,38,41.9309437,-87.696091
387,Louis A Agassiz Elementary School,"2851 N Seminary Ave, Chicago, IL 60657",83,95,78,96,68,41.9340008,-87.65572089999999
388,Louis Nettelhorst Elementary School,"3252 N Broadway St, Chicago, IL 60657",43,48,48,77,31,41.9413287,-87.6446629
389,Louis Pasteur Elementary School,"5825 S Kostner Ave, Chicago, IL 60629",-1,59,50,66,-1,41.7871479,-87.7324652
390,Louisa May Alcott College Preparatory ES,"2625 N Orchard St, Chicago, IL 60614",67,61,53,93,39,41.9295783,-87.6458976
391,Louisa May Alcott College Preparatory HS,"2957 N Hoyne Ave, Chicago, IL 60618",88,95,90,99,77,41.9355734,-87.6802278
392,Ludwig Van Beethoven Elementary School,"25 W 47th St, Chicago, IL 60609",77,39,31,63,38,41.8082584,-87.6275074
393,Luke O'Toole Elementary School,"6550 S Seeley Ave, Chicago, IL 60636",86,72,60,55,59,41.7741306,-87.67544970000002
394,Luther Burbank Elementary School,"2035 N Mobile Ave, Chicago, IL 60639",87,84,79,81,75,41.917759,-87.7822516
395,Lyman A Budlong Elementary School,"2701 W Foster Ave, Chicago, IL 60625",84,63,53,72,57,41.975251,-87.6968584
396,Mahalia Jackson Elementary School,"917 W 88th St, Chicago, IL 60620",59,55,41,52,44,41.7339092,-87.6466287
397,Mancel Talcott Elementary School,"1840 W Ohio St, Chicago, IL 60622",67,70,47,71,45,41.8926909,-87.6742248
398,Manley Career Academy High School,"2935 W Polk St, Chicago, IL 60612",75,69,65,64,41,41.8704946,-87.7004769
399,Manuel Perez Elementary School,"1241 W 19th St, Chicago, IL 60608",99,83,73,84,92,41.8556781,-87.6579588
400,Marcus Moziah Garvey Elementary School,"10309 S Morgan St, Chicago, IL 60643",75,83,77,75,46,41.7065448,-87.64709119999999
401,Maria Saucedo Elementary Scholastic Academy,"2850 W 24th Blvd, Chicago, IL 60623",57,40,40,64,36,41.8485621,-87.69784399999999
402,Mariano Azuela Elementary School,"4707 W Marquette Rd, Chicago, IL 60629",63,49,38,59,40,41.7706659,-87.7399087
403,Marie Sklodowska Curie Metropolitan High School,"4959 S Archer Ave, Chicago, IL 60632",60,54,46,52,48,41.8018544,-87.72187939999999
404,Marine Leadership Academy at Ames,"1920 N Hamlin Ave, Chicago, IL 60647",90,76,74,80,63,41.9159713,-87.7224181
405,Mark Sheridan Math & Science Academy,"533 W 27th St, Chicago, IL 60616",57,63,52,62,43,41.8442436,-87.6412299
406,Mark Skinner Elementary School,"1260 W Adams St, Chicago, IL 60607",67,-1,-1,-1,42,41.8793561,-87.6591146
407,Mark Twain Elementary School,"5134 S Lotus Ave, Chicago, IL 60638",58,54,60,54,34,41.7990971,-87.7593363
408,Marquette Elementary School,"6550 S Richmond St, Chicago, IL 60629",77,52,44,53,45,41.7745537,-87.69735899999999
409,Martha Ruggles Elementary School,"7831 S Prairie Ave, Chicago, IL 60619",92,70,57,65,62,41.7522805,-87.61763520000001
410,Marvin Camras Elementary School,"3000 N Mango Ave, Chicago, IL 60634",62,71,52,61,47,41.9353512,-87.7704031
411,Mary E Courtenay Elementary Language Arts Center,"4420 N Beacon St, Chicago, IL 60640",75,58,51,63,48,41.9620627,-87.66466319999999
412,Mary E McDowell Elementary School,"1419 E 89th St, Chicago, IL 60619",-1,79,83,62,-1,41.7328123,-87.589781
413,Mary Gage Peterson Elementary School,"5510 N Christiana Ave, Chicago, IL 60625",72,61,63,64,51,41.9821574,-87.7132592
414,Mary Lyon Elementary School,"2941 N Mcvicker Ave, Chicago, IL 60634",55,69,63,71,31,41.93384349999999,-87.7766407
415,Matthew Gallistel Elementary Language Academy,"10347 S Ewing Ave, Chicago, IL 60617",72,65,62,75,54,41.7068478,-87.5350265
416,Medgar Evers Elementary School,"9811 S Lowe Ave, Chicago, IL 60628",87,85,68,87,45,41.7157113,-87.63891939999999
417,Melville W Fuller Elementary School,"4214 S St Lawrence Ave, Chicago, IL 60653",91,60,57,43,83,41.8181936,-87.6122372
418,Michael Faraday Elementary School,"3250 W Monroe St, Chicago, IL 60624",92,84,71,86,53,41.8798883,-87.7082623
419,Michael M Byrne Elementary School,"5329 S Oak Park Ave, Chicago, IL 60638",61,61,54,69,36,41.79511919999999,-87.79078179999999
420,Michele Clark Academic Prep Magnet High School,"5101 W Harrison St, Chicago, IL 60644",61,59,44,61,39,41.87254069999999,-87.7527211
421,Mildred I Lavizzo Elementary School,"138 W 109th St, Chicago, IL 60628",83,72,61,69,47,41.6964876,-87.6270447
422,Milton Brunson Math & Science Specialty ES,"932 N Central Ave, Chicago, IL 60651",68,75,59,62,26,41.8972904,-87.7658014
423,Minnie Mars Jamieson Elementary School,"5650 N Mozart St, Chicago, IL 60659",71,70,70,81,43,41.9837696,-87.7009418
424,Morgan Park High School,"1744 W Pryor Ave, Chicago, IL 60643",74,51,39,47,39,41.6919932,-87.6660502
425,Morton School of Excellence,"431 N Troy St, Chicago, IL 60612",88,64,59,55,78,41.8892674,-87.7047083
426,Mount Greenwood Elementary School,"10841 S Homan Ave, Chicago, IL 60655",98,91,80,94,98,41.6965132,-87.70517629999999
427,Mount Vernon Elementary School,"10540 S Morgan St, Chicago, IL 60643",89,68,56,57,55,41.7022519,-87.648286
428,Moving Everest Charter School,"416 N Laramie Ave, Chicago, IL 60644",-1,59,66,35,-1,41.88838,-87.755741
429,Multicultural Academy of Scholarship,"3120 S Kostner Ave, Chicago, IL 60623",60,59,47,64,52,41.8354286,-87.73565289999999
430,Myra Bradwell Communications Arts & Sciences ES,"7736 S Burnham Ave, Chicago, IL 60649",73,41,51,29,50,41.7549922,-87.55781669999999
431,Namaste Charter School,"3737 S Paulina St, Chicago, IL 60609",39,25,21,59,21,41.825686,-87.66743710000001
432,Nancy B Jefferson Alternative HS,"1100 S Hamilton Ave, Chicago, IL 60612",57,88,82,91,36,41.8676707,-87.681079
433,Nathan Hale Elementary School,"6140 S Melvina Ave, Chicago, IL 60638",79,65,60,60,56,41.7799456,-87.7772557
434,Nathan S Davis Elementary School,"3014 W 39th Pl, Chicago, IL 60632",71,51,49,56,44,41.8221548,-87.70024289999999
435,Nathanael Greene Elementary School,"3525 S Honore St, Chicago, IL 60609",-1,93,87,99,-1,41.8296415,-87.6711354
436,National Teachers Elementary Academy,"55 W Cermak Rd, Chicago, IL 60616",89,75,74,84,57,41.8522221,-87.6289518
437,Neal F Simeon Career Academy High School,"8147 S Vincennes Ave, Chicago, IL 60620",92,55,63,60,77,41.7455554,-87.63452459999999
438,New Field Elementary School,"1707 W Morse Ave, Chicago, IL 60626",-1,67,63,85,-1,42.0073304,-87.67269619999999
439,Newton Bateman Elementary School,"4220 N Richmond St, Chicago, IL 60618",74,74,68,77,56,41.9578627,-87.70239869999999
440,Nicholas Senn High School,"5900 N Glenwood Ave, Chicago, IL 60660",68,53,38,58,52,41.9890422,-87.6668207
441,Ninos Heroes Elementary Academic Center,"8344 S Commercial Ave, Chicago, IL 60617",63,57,52,49,22,41.7441651,-87.5530278
442,Noble - Baker College Prep,"2710 E 89th St, Chicago, IL 60617",88,75,62,66,61,41.73427179999999,-87.5575844
443,Noble - Butler College Prep,"821 E 103rd St, Chicago, IL 60628",87,35,41,51,66,41.7066424,-87.6027457
444,Noble - Chicago Bulls College Prep,"2040 W Adams St, Chicago, IL 60612",94,63,51,50,74,41.8790889,-87.67841709999999
445,Noble - DRW College Prep,"931 S Homan Ave, Chicago, IL 60624",76,30,26,41,56,41.86921,-87.7099422
446,Noble - Gary Comer College Prep High School,"7131 S South Chicago Ave, Chicago, IL 60619",81,47,39,66,63,41.7652098,-87.6040574
447,Noble - Gary Comer College Prep Middle School,"1010 E 72nd St, Chicago, IL 60619",80,91,80,75,31,41.7645147,-87.6003856
448,Noble - Golder College Prep,"1454 W Superior St, Chicago, IL 60642",89,45,40,55,73,41.8954949,-87.6644366
449,Noble - Hansberry College Prep,"8748 S Aberdeen St, Chicago, IL 60620",89,64,49,65,49,41.7349396,-87.6514077
450,Noble - ITW David Speer Academy,"5321 W Grand Ave, Chicago, IL 60639",78,59,47,63,70,41.91724869999999,-87.759881
451,Noble - John and Eunice Johnson College Prep,"6350 S Stewart Ave, Chicago, IL 60621",86,73,67,84,66,41.778598,-87.63537269999999
452,Noble - Mansueto High School,"2911 W 47th, Chicago, IL 60632",92,79,74,84,87,41.8076606,-87.697469
453,Noble - Muchin College Prep,"1 N State St, Chicago, IL 60602",94,65,52,86,69,41.8821839,-87.627607
454,Noble - Noble College Prep,"1010 N Noble St, Chicago, IL 60622",92,79,70,73,81,41.9000524,-87.6628151
455,Noble - Pritzker College Prep,"4131 W Cortland St, Chicago, IL 60639",98,89,69,89,78,41.91487770000001,-87.7298054
456,Noble - Rauner College Prep,"1337 W Ohio St, Chicago, IL 60642",99,70,65,79,77,41.8922703,-87.6612729
457,Noble - Rowe-Clark Math and Science Academy,"3645 W Chicago Ave, Chicago, IL 60651",84,72,66,78,63,41.8952324,-87.71814669999999
458,Noble - The Noble Academy,"17 N State St, Chicago, IL 60602",81,66,50,78,61,41.8827005,-87.62739169999999
459,Noble - UIC College Prep,"1231 S Damen Ave, Chicago, IL 60608",90,72,65,66,74,41.8652668,-87.6756054
460,Norman A Bridge Elementary School,"3800 N New England Ave, Chicago, IL 60634",53,63,52,69,33,41.9496834,-87.7988494
461,North Lawndale College Prep - Christiana,"1615 S Christiana Ave, Chicago, IL 60623",88,87,63,53,49,41.8584819,-87.708809
462,North Lawndale College Prep - Collins,"1313 S Sacramento Dr, Chicago, IL 60623",77,77,56,77,44,41.8643835,-87.7013284
463,North River Elementary School,"4416 N Troy St, Chicago, IL 60625",97,87,74,86,79,41.9621124,-87.70760130000001
464,North-Grand High School,"4338 W Wabansia Ave, Chicago, IL 60639",70,89,84,83,62,41.9124219,-87.7349604
465,Northside College Preparatory High School,"5501 N Kedzie Ave, Chicago, IL 60625",99,75,72,89,90,41.9812005,-87.7079477
466,Northside Learning Center High School,"3730 W Bryn Mawr Ave, Chicago, IL 60659",93,73,62,96,75,41.9833373,-87.7213096
467,Northwest Middle School,"5252 W Palmer St, Chicago, IL 60639",72,63,62,48,28,41.9210111,-87.7581124
468,Norwood Park Elementary School,"5900 N Nina Ave, Chicago, IL 60631",64,65,64,87,60,41.9892383,-87.80269059999999
469,Ogden International High School,"1250 W Erie St, Chicago, IL 60642",84,44,25,69,56,41.8937679,-87.658807
470,Ole A Thorp Elementary Scholastic Academy,"6024 W Warwick Ave, Chicago, IL 60634",47,52,43,74,38,41.9488905,-87.7777168
471,Oliver S Westcott Elementary School,"409 W 80th St, Chicago, IL 60620",80,55,43,59,62,41.7483789,-87.63575829999999
472,Oliver Wendell Holmes Elementary School,"955 W Garfield Blvd, Chicago, IL 60621",97,52,53,49,77,41.7937276,-87.64958790000001
473,Ombudsman Chicago - Northwest,"7500 N Harlem Ave, Chicago, IL 60631",39,50,46,47,57,42.01726559999999,-87.8068196
474,Ombudsman Chicago - South,"6057 S Western Ave, Chicago, IL 60636",60,75,70,66,52,41.7832264,-87.6832251
475,Ombudsman Chicago - West,"2401 W Congress Pkwy, Chicago, IL 60612",57,49,31,31,51,41.8746391,-87.6865357
476,Oriole Park Elementary School,"5424 N Oketo Ave, Chicago, IL 60656",63,75,65,89,59,41.97848,-87.81241399999999
477,Orozco Fine Arts & Sciences Elementary School,"1940 W 18th St, Chicago, IL 60608",58,46,41,51,36,41.857965,-87.67514109999999
478,Orr Academy High School,"730 N Pulaski Rd, Chicago, IL 60624",80,73,64,63,54,41.8941496,-87.72646209999999
479,Orville T Bright Elementary School,"10740 S Calhoun Ave, Chicago, IL 60617",78,51,32,47,62,41.6998823,-87.5622961
480,Oscar DePriest Elementary School,"139 S Parkside Ave, Chicago, IL 60644",85,68,58,63,51,41.8780657,-87.7659552
481,Oscar F Mayer Elementary School,"2250 N Clifton Ave, Chicago, IL 60614",84,46,52,75,70,41.923032,-87.65742089999999
482,Pablo Casals Elementary School,"3501 W Potomac Ave, Chicago, IL 60651",97,63,54,68,80,41.9041825,-87.71410589999999
483,Park Manor Elementary School,"7037 S Rhodes Ave, Chicago, IL 60637",82,61,66,53,65,41.766664,-87.61128910000001
484,Parkside Elementary Community Academy,"6938 S East End Ave, Chicago, IL 60649",93,68,63,58,84,41.76897049999999,-87.58322009999999
485,Pathways in Education - Ashburn,"3284 W 87th St, Chicago, IL 60652",67,53,33,53,70,41.7352953,-87.70518539999999
486,Pathways in Education - Avondale,"3100 W Belmont Ave, Chicago, IL 60618",37,31,18,17,62,41.9395257,-87.7053736
487,Pathways in Education - Brighton Park,"3124 W 47th St, Chicago, IL 60632",57,53,22,36,62,41.8083784,-87.7024047
488,Patrick Henry Elementary School,"4250 N Saint Louis Ave, Chicago, IL 60618",76,68,57,64,71,41.9586697,-87.71592419999999
489,Paul Cuffe Math-Science Technology Academy ES,"8324 S Racine Ave, Chicago, IL 60620",98,71,69,66,95,41.7424529,-87.65387419999999
490,Paul Laurence Dunbar Career Academy High School,"3000 S King Dr, Chicago, IL 60616",83,80,66,87,55,41.84005,-87.61841160000002
491,Paul Revere Elementary School,"1010 E 72nd St, Chicago, IL 60619",50,47,53,57,30,41.7645147,-87.6003856
492,Paul Robeson High School,"6835 S Normal Blvd, Chicago, IL 60621",92,82,62,77,77,41.7701442,-87.63606670000001
493,Peace & Education Coalition HS,"4946 S Paulina St, Chicago, IL 60609",74,80,62,37,61,41.8035258,-87.66762969999999
494,Percy L Julian High School,"10330 S Elizabeth St, Chicago, IL 60643",98,86,62,78,69,41.7061464,-87.6542595
495,Perkins Bass Elementary School,"1140 W 66th St, Chicago, IL 60621",95,79,65,71,86,41.77485410000001,-87.6536429
496,Perspectives - High School of Technology,"8131 S May St., Chicago, IL 60620",70,58,47,43,52,41.7458355,-87.6520244
497,Perspectives - Leadership Academy,"8131 South May Street, Chicago, IL 60620",69,62,55,44,49,41.7458355,-87.6520244
498,Perspectives - Math and Science Academy,"3663 S. Wabash Avenue, Chicago, IL 60653",64,53,52,60,36,41.8282209,-87.62442
499,Perspectives - Rodney D. Joslin,"1930 S Archer Ave, Chicago, IL 60616",66,37,33,44,50,41.8563899,-87.62827159999999
500,Peter A Reinberg Elementary School,"3425 N Major Ave, Chicago, IL 60634",67,37,37,47,49,41.94260209999999,-87.7690709
501,Peter Cooper Elementary Dual Language Academy,"1624 W 19th St, Chicago, IL 60608",-1,70,58,71,-1,41.8562138,-87.6672033
502,Philip Rogers Elementary School,"7345 N Washtenaw Ave, Chicago, IL 60645",77,83,81,86,53,42.01547710000001,-87.696399
503,Phillip D Armour Elementary School,"950 W 33rd Pl, Chicago, IL 60608",74,69,64,87,46,41.8340245,-87.6500203
504,Phillip Murray Elementary Language Academy,"5335 S Kenwood Ave, Chicago, IL 60615",70,32,35,53,37,41.7983269,-87.5927315
505,Phoebe Apperson Hearst Elementary School,"4640 S Lamon Ave, Chicago, IL 60638",53,26,22,38,45,41.8084651,-87.7461148
506,Phoenix Military Academy High School,"145 S Campbell Ave, Chicago, IL 60612",92,81,66,94,68,41.8790171,-87.6883891
507,Pilsen Elementary Community Academy,"1420 W 17th St, Chicago, IL 60608",63,62,54,59,50,41.85908149999999,-87.6631622
508,Plato Learning Academy,"5545 W Harrison St, Chicago, IL 60644",62,53,49,61,32,41.8724755,-87.7636102
509,Polaris Charter Academy,"620 N Sawyer Ave, Chicago, IL 60624",91,81,66,65,79,41.8922837,-87.7080979
510,Portage Park Elementary School,"5330 W Berteau Ave, Chicago, IL 60641",78,74,62,81,63,41.9572419,-87.7611112
511,Providence Englewood Charter School,"6515 S Ashland Ave, Chicago, IL 60636",52,40,50,33,33,41.7751327,-87.6636126
512,Pulaski International School of Chicago,"2230 W Mclean Ave, Chicago, IL 60647",68,55,54,79,55,41.9188445,-87.683846
513,Rachel Carson Elementary School,"5516 S Maplewood Ave, Chicago, IL 60629",34,32,28,55,14,41.793589,-87.6884697
514,Ralph H Metcalfe Elementary Community Academy,"12339 S Normal Ave, Chicago, IL 60628",79,70,57,53,53,41.6693936,-87.6339848
515,Ravenswood Elementary School,"4332 N Paulina St, Chicago, IL 60613",87,85,67,85,57,41.9611161,-87.67144359999999
516,Ray Graham Training Center High School,"2347 S Wabash Ave, Chicago, IL 60616",90,78,81,86,65,41.8496341,-87.6250974
517,Richard Edwards Elementary School,"4815 S Karlov Ave, Chicago, IL 60632",89,64,51,71,68,41.8050333,-87.7255732
518,Richard Henry Lee Elementary School,"6448 S Tripp Ave, Chicago, IL 60629",86,91,77,90,68,41.7753177,-87.72915139999999
519,Richard J Daley Elementary Academy,"5024 S Wolcott Ave, Chicago, IL 60609",38,42,32,47,19,41.8023435,-87.67252220000002
520,Richard J Oglesby Elementary School,"7646 S Green St, Chicago, IL 60620",50,21,25,28,26,41.7547288,-87.646012
521,Richard T Crane Medical Preparatory HS,"2245 W Jackson Blvd, Chicago, IL 60612",88,51,41,58,58,41.876853,-87.683244
522,Richard Yates Elementary School,"1839 N Richmond St, Chicago, IL 60647",43,34,28,51,40,41.9148991,-87.6996329
523,Roald Amundsen High School,"5110 N Damen Ave, Chicago, IL 60625",79,70,55,74,62,41.9750696,-87.6800719
524,Robert A Black Magnet Elementary School,"9101 S Euclid Ave, Chicago, IL 60619",97,85,68,88,99,41.72961,-87.57647800000001
525,Robert Fulton Elementary School,"5300 S Hermitage Ave, Chicago, IL 60609",82,65,59,50,44,41.7971405,-87.6686699
526,Robert Healy Elementary School,"3010 S Parnell Ave, Chicago, IL 60616",57,72,69,76,37,41.8393403,-87.6405385
527,Robert J. Richardson Middle School,"6018 S Karlov Ave, Chicago, IL 60629",73,63,70,66,38,41.78355699999999,-87.72647099999999
528,Robert L Grimes Elementary School,"5450 W 64th Pl, Chicago, IL 60638",66,65,60,56,52,41.7756568,-87.7583815
529,Robert Lindblom Math & Science Academy HS,"6130 S Wolcott Ave, Chicago, IL 60636",89,61,51,86,69,41.7820653,-87.67213699999999
530,Robert Nathaniel Dett Elementary School,"2131 W Monroe St, Chicago, IL 60612",77,30,39,32,82,41.8797104,-87.6804568
531,Roberto Clemente Community Academy High School,"1147 N Western Ave, Chicago, IL 60622",55,40,44,50,37,41.9026513,-87.6861165
532,Rodolfo Lozano Bilingual & International Ctr ES,"1501 N Greenview Ave, Chicago, IL 60642",71,61,43,59,48,41.9091257,-87.66493539999999
533,Roger C Sullivan High School,"6631 N Bosworth Ave, Chicago, IL 60626",65,70,58,62,63,42.0028084,-87.6689166
534,Ronald Brown Elementary Community Academy,"12607 S Union Ave, Chicago, IL 60628",92,66,52,59,85,41.6648631,-87.6386967
535,Ronald E McNair Elementary School,"4820 W Walton St, Chicago, IL 60651",91,67,61,54,71,41.8980114,-87.74688069999999
536,Rosario Castellanos Elementary School,"2524 S Central Park Ave, Chicago, IL 60623",67,46,48,36,42,41.84557969999999,-87.7151751
537,Roswell B Mason Elementary School,"4217 W 18th St, Chicago, IL 60623",95,79,74,84,91,41.8564727,-87.7306133
538,Rowe Elementary Charter School,"1424 N Cleaver St, Chicago, IL 60622",40,34,26,50,23,41.907846,-87.6646609
539,Rudyard Kipling Elementary School,"9351 S Lowe Ave, Chicago, IL 60620",59,64,47,54,39,41.7237047,-87.6390588
540,Rueben Salazar Elementary Bilingual Center,"160 W Wendell St, Chicago, IL 60610",65,67,67,65,43,41.9015925,-87.633792
541,Rufus M Hitch Elementary School,"5625 N Mcvicker Ave, Chicago, IL 60646",75,70,59,71,55,41.9840532,-87.7784855
542,STEM Magnet Academy,"1522 W Fillmore St, Chicago, IL 60607",74,88,80,93,50,41.8686567,-87.6648546
543,Salmon P Chase Elementary School,"2021 N Point St, Chicago, IL 60647",97,83,74,83,96,41.9181631,-87.6943465
544,Sarah E. Goode STEM Academy,"7651 S Homan Ave, Chicago, IL 60652",59,35,33,38,47,41.75385259999999,-87.706639
545,Sauganash Elementary School,"6040 N Kilpatrick Ave, Chicago, IL 60646",91,82,76,92,81,41.9912474,-87.7465663
546,Scott Joplin Elementary School,"7931 S Honore St, Chicago, IL 60620",99,76,72,75,86,41.7494853,-87.66908699999999
547,Sharon Christa McAuliffe Elementary School,"1841 N Springfield Ave, Chicago, IL 60647",65,45,48,47,50,41.9145961,-87.7233479
548,Sidney Sawyer Elementary School,"5248 S Sawyer Ave, Chicago, IL 60632",66,42,34,52,47,41.7975656,-87.7053303
549,Simpson Academy HS for Young Women,"1321 S Paulina St, Chicago, IL 60608",95,56,52,38,63,41.864572,-87.6681306
550,Sir Miles Davis Magnet Elementary Academy,"6740 S Paulina St, Chicago, IL 60636",77,48,41,62,46,41.7711562,-87.6666666
551,Skinner North,"640 W Scott St, Chicago, IL 60610",59,61,58,74,49,41.9052766,-87.6452403
552,Socorro Sandoval Elementary School,"5534 S Saint Louis Ave, Chicago, IL 60629",-1,75,65,86,-1,41.793042,-87.7122524
553,South Loop Elementary School,"1212 S Plymouth Ct, Chicago, IL 60605",52,59,56,76,45,41.8666446,-87.6290483
554,South Shore Fine Arts Academy,"1415 E 70th St, Chicago, IL 60637",63,31,33,20,31,41.7674131,-87.5904757
555,Southeast Area Elementary School,"3930 E 105th St, Chicago, IL 60617",89,90,83,86,58,41.7047607,-87.52805239999999
556,Southside Occupational Academy High School,"7342 S Hoyne Ave, Chicago, IL 60636",-1,91,74,83,-1,41.7596937,-87.67622
557,Spencer Technology Academy,"214 N Lavergne Ave, Chicago, IL 60644",97,80,76,82,78,41.8850607,-87.75071899999999
558,Spry Community Links High School,"2400 S Marshall Blvd, Chicago, IL 60623",56,79,64,78,60,41.8475985,-87.69978019999999
559,Stephen Decatur Classical Elementary School,"7030 N Sacramento Ave, Chicago, IL 60645",86,75,71,97,62,42.009952,-87.705388
560,Stephen F Gale Elementary Community Academy,"1631 W Jonquil Ter, Chicago, IL 60626",72,57,35,70,42,42.0208548,-87.67129170000001
561,Stephen K Hayt Elementary School,"1518 W Granville Ave, Chicago, IL 60660",67,41,31,47,46,41.9948025,-87.6685158
562,Stephen T Mather High School,"5835 N Lincoln Ave, Chicago, IL 60659",74,53,32,46,49,41.988255,-87.7007878
563,Stone Elementary Scholastic Academy,"6239 N Leavitt St, Chicago, IL 60659",66,37,45,69,42,41.9954315,-87.6843911
564,Suder Montessori Magnet ES,"2022 W Washington Blvd, Chicago, IL 60612",50,39,38,65,13,41.8834427,-87.6772965
565,TEAM Englewood Community Academy High School,"6201 S Stewart Ave, Chicago, IL 60621",68,-1,-1,-1,50,41.7819938,-87.63429330000001
566,Talman Elementary School,"5450 S Talman Ave, Chicago, IL 60632",-1,88,71,86,-1,41.7941685,-87.6906952
567,Tarkington School of Excellence ES,"3330 W 71st St, Chicago, IL 60629",68,58,47,64,40,41.7646185,-87.70638029999999
568,Telpochcalli Elementary School,"2832 W 24th Blvd, Chicago, IL 60623",69,91,89,86,36,41.8479122,-87.6969532
569,The Montessori School of Englewood Charter,"6936 S Hermitage Ave, Chicago, IL 60636",-1,31,35,26,-1,41.7675808,-87.66786719999999
570,Theodore Herzl Elementary School,"3711 W Douglas Blvd, Chicago, IL 60623",91,64,67,70,62,41.8618541,-87.7183391
571,Theodore Roosevelt High School,"3436 W Wilson Ave, Chicago, IL 60625",64,68,56,60,50,41.9650389,-87.7144907
572,Theophilus Schmid Elementary School,"9755 S Greenwood Ave, Chicago, IL 60628",95,60,51,60,57,41.7168493,-87.59685139999999
573,Thomas A Edison Regional Gifted Center ES,"4929 N Sawyer Ave, Chicago, IL 60625",51,61,56,96,47,41.97109,-87.7094104
574,Thomas A Hendricks Elementary Community Academy,"4316 S Princeton Ave, Chicago, IL 60609",84,54,54,47,77,41.8159706,-87.6338782
575,Thomas Chalmers Specialty Elementary School,"2745 W Roosevelt Rd, Chicago, IL 60608",58,32,31,23,29,41.8660238,-87.6951235
576,Thomas Drummond Elementary School,"1845 W Cortland St, Chicago, IL 60622",70,38,51,81,59,41.9157941,-87.6745273
577,Thomas Hoyne Elementary School,"8905 S Crandon Ave, Chicago, IL 60617",88,55,47,57,46,41.7330434,-87.5674701
578,Thomas J Higgins Elementary Community Academy,"11710 S Morgan St, Chicago, IL 60643",81,56,47,50,59,41.6808757,-87.64739949999999
579,Thomas J Waters Elementary School,"4540 N Campbell Ave, Chicago, IL 60625",79,76,67,93,60,41.9641596,-87.6919274
580,Thomas Kelly High School,"4136 S California Ave, Chicago, IL 60632",61,63,56,68,45,41.8186124,-87.69511690000002
581,Turner-Drew Elementary Language Academy,"9300 S Princeton Ave, Chicago, IL 60620",81,80,67,77,48,41.7256864,-87.6304763
582,University of Chicago - Carter G. Woodson,"4444 S. Evans Avenue, Chicago, IL 60653",60,18,37,7,20,41.8140223,-87.6086873
583,University of Chicago - Donoghue,"707 E. 37th Street, Chicago, IL 60653",-1,68,66,78,-1,41.827418,-87.60822549999999
584,University of Chicago - North Kenwood/Oakland,"1119 E. 46th Street, Chicago, IL 60653",-1,30,43,59,-1,41.8110793,-87.5986539
585,University of Chicago - Woodlawn,"6300 S University Ave, Chicago, IL 60637",76,21,30,42,42,41.7804242,-87.5972999
586,Uplift Community High School,"900 W Wilson Ave, Chicago, IL 60640",58,33,11,32,53,41.96598789999999,-87.6521769
587,Urban Prep Academy for Young Men - Bronzeville,"521 E 35th St, Chicago, IL 60616",57,27,39,34,48,41.830788,-87.6134694
588,Urban Prep Academy for Young Men - Englewood,"6201 S Stewart Ave, Chicago, IL 60621",-1,39,52,56,-1,41.7819938,-87.63429330000001
589,Urban Prep Charter Academy for Young Men - West,"1326 W 14th Pl, Chicago, IL 60608",-1,91,72,96,-1,41.8626381,-87.66066359999999
590,Velma F Thomas Early Childhood Center,"3625 S Hoyne Ave, Chicago, IL 60609",-1,44,42,78,-1,41.8276292,-87.677183
591,Virgil Grissom Elementary School,"12810 S Escanaba Ave, Chicago, IL 60633",72,40,56,65,37,41.6622665,-87.5535685
592,Walt Disney Magnet Elementary School,"4140 N Marine Dr, Chicago, IL 60613",66,47,39,51,52,41.9565069,-87.6468579
593,Walter Henri Dyett High School for the Arts,"555 E 51st St, Chicago, IL 60615",92,86,71,81,65,41.8011643,-87.6123949
594,Walter L Newberry Math & Science Academy ES,"700 W Willow St, Chicago, IL 60614",90,67,58,77,66,41.9144428,-87.64632069999999
595,Walter Payton College Preparatory High School,"1034 N Wells St, Chicago, IL 60610",99,51,51,86,92,41.9018199,-87.6355265
596,Walter Q Gresham Elementary School,"8524 S Green St, Chicago, IL 60620",75,65,65,44,46,41.7387041,-87.64539529999999
597,Walter S Christopher Elementary School,"5042 S Artesian Ave, Chicago, IL 60632",56,50,49,49,57,41.8016594,-87.6858604
598,Washington D Smyser Elementary School,"4310 N Melvina Ave, Chicago, IL 60634",59,60,64,67,36,41.95932,-87.7824401
599,Washington Irving Elementary School,"749 S Oakley Blvd, Chicago, IL 60612",62,30,34,46,39,41.8717744,-87.6829987
600,Wells Community Academy High School,"936 N Ashland Ave, Chicago, IL 60622",74,67,39,67,60,41.89933509999999,-87.6677931
601,Wendell E Green Elementary School,"1150 W 96th St, Chicago, IL 60643",75,56,62,55,47,41.7195658,-87.65248679999999
602,Wendell Phillips Academy High School,"244 E Pershing Rd, Chicago, IL 60653",85,61,57,41,58,41.8243586,-87.61980059999999
603,Wendell Smith Elementary School,"744 E 103rd St, Chicago, IL 60628",77,44,47,45,76,41.7080209,-87.6054463
604,West Park Elementary Academy,"1425 N Tripp Ave, Chicago, IL 60651",55,38,32,54,26,41.90686350000001,-87.7321137
605,West Ridge Elementary School,"6700 N Whipple St, Chicago, IL 60645",71,53,51,59,56,42.0028264,-87.7060939
606,Whitney M Young Magnet High School,"211 S Laflin St, Chicago, IL 60607",91,64,57,93,79,41.8781343,-87.66381659999999
607,Wildwood IB World Magnet School,"6950 N Hiawatha Ave, Chicago, IL 60646",67,61,49,97,50,42.0072254,-87.778526
608,Willa Cather Elementary School,"2908 W Washington Blvd, Chicago, IL 60612",58,67,51,63,28,41.8832678,-87.6993249
609,William B Ogden Elementary School,"24 W Walton St, Chicago, IL 60610",-1,34,31,72,-1,41.9002924,-87.6290504
610,William Bishop Owen Scholastic Academy ES,"8247 S Christiana Ave, Chicago, IL 60652",77,66,71,82,38,41.7429064,-87.7053688
611,William C Reavis Math & Science Specialty ES,"834 E 50th St, Chicago, IL 60615",96,82,76,81,87,41.8043913,-87.6054481
612,William C. Goudy Technology Academy,"5120 N Winthrop Ave, Chicago, IL 60640",76,74,67,66,48,41.9755578,-87.6580341
613,William E B Dubois Elementary School,"330 E 133rd St, Chicago, IL 60827",75,51,60,43,43,41.6540398,-87.6142411
614,William E Dever Elementary School,"3436 N Osceola Ave, Chicago, IL 60634",82,78,73,75,36,41.9425567,-87.81359049999999
615,William F Finkl Elementary School,"2332 S Western Ave, Chicago, IL 60608",93,74,53,85,64,41.8496608,-87.6866984
616,William G Hibbard Elementary School,"3244 W Ainslie St, Chicago, IL 60625",70,68,58,69,51,41.970866,-87.7103849
617,William H Brown Elementary School,"54 N Hermitage Ave, Chicago, IL 60612",70,19,30,21,57,41.8829751,-87.671251
618,William H Prescott Elementary School,"1632 W Wrightwood Ave, Chicago, IL 60614",61,66,67,81,74,41.9291691,-87.66928759999999
619,William H Ray Elementary School,"5631 S Kimbark Ave, Chicago, IL 60637",68,66,63,76,36,41.7918873,-87.5944835
620,William H Ryder Math & Science Specialty ES,"8716 S Wallace St, Chicago, IL 60620",87,66,59,72,93,41.7353191,-87.6395362
621,William H Seward Communication Arts Academy ES,"4600 S Hermitage Ave, Chicago, IL 60609",59,53,42,35,52,41.8100399,-87.66897499999999
622,William Howard Taft High School,"6530 W Bryn Mawr Ave, Chicago, IL 60631",70,55,41,58,51,41.98454110000001,-87.7917807
623,William J Bogan High School,"3939 W 79th St, Chicago, IL 60652",60,65,50,62,51,41.748772,-87.7208789
624,William J Onahan Elementary School,"6634 W Raven St, Chicago, IL 60631",69,62,56,75,46,41.9940608,-87.792853
625,William Jones College Preparatory High School,"700 S State St, Chicago, IL 60605",96,55,43,89,85,41.8729828,-87.6279698
626,William K New Sullivan Elementary School,"8331 S Mackinaw Ave, Chicago, IL 60617",94,62,58,62,78,41.7440209,-87.5425987
627,William P Gray Elementary School,"3730 N Laramie Ave, Chicago, IL 60641",79,89,71,79,53,41.9490944,-87.75741289999999
628,William P Nixon Elementary School,"2121 N Keeler Ave, Chicago, IL 60639",80,69,66,60,49,41.9195512,-87.7310365
629,William Penn Elementary School,"1616 S Avers Ave, Chicago, IL 60623",98,64,48,79,53,41.8581248,-87.7219563
630,William Rainey Harper High School,"6520 S Wood St, Chicago, IL 60636",62,71,47,53,53,41.7749477,-87.66974859999999
631,William T Sherman Elementary School,"1000 W 52nd St, Chicago, IL 60609",99,74,73,58,98,41.8000327,-87.65048279999999
632,William W Carter Elementary School,"5740 S Michigan Ave, Chicago, IL 60637",69,82,71,56,33,41.7897491,-87.6234436
633,Wilma Rudolph Elementary Learning Center,"1628 W Washington Blvd, Chicago, IL 60612",-1,31,40,44,-1,41.8837244,-87.6680542
634,Wolfgang A Mozart Elementary School,"2200 N Hamlin Ave, Chicago, IL 60647",63,45,34,53,46,41.9213165,-87.7224078
635,Woodlawn Community Elementary School,"6657 S Kimbark Ave, Chicago, IL 60637",99,73,61,74,71,41.773523,-87.594026
636,World Language Academy High School,"3120 S Kostner Ave, Chicago, IL 60623",80,62,56,61,65,41.8354286,-87.73565289999999
637,"YCCS - ASPIRA,Antonia Pantoja Alternative HS","3121 N Pulaski Rd, Chicago, IL 60641",72,-1,-1,-1,69,41.9379315,-87.72677089999999
638,YCCS - Academy of Scholastic Achievement HS,"4651 W Madison St, Chicago, IL 60644",63,-1,-1,-1,63,41.8801219,-87.74215339999999
639,YCCS - Association House HS,"1116 N Kedzie, 4th Floor Ave, Chicago, IL 60651",41,82,72,24,44,41.9016102,-87.7075243
640,YCCS - Austin Career Education Center HS,"5352 W Chicago Ave, Chicago, IL 60651",99,-1,-1,-1,71,41.8951675,-87.7602654
641,YCCS - CCA Academy HS,"1231 S Pulaski Rd, Chicago, IL 60623",76,-1,-1,-1,56,41.8650712,-87.7247771
642,YCCS - Chatham AcademyHS,"9035 S Langley Ave, Chicago, IL 60619",76,38,46,55,76,41.7300176,-87.6067883
643,YCCS - Dr. Pedro Albizu Campos Puerto Rican HS,"2739 W Division St, Chicago, IL 60622",67,23,29,25,57,41.9026974,-87.6959754
644,YCCS - Innovations HS of Arts Integration,"17 N State St, Chicago, IL 60602",47,45,48,18,47,41.8827005,-87.62739169999999
645,YCCS - Jane Addams Alternative HS,"1814 S Union Ave, Chicago, IL 60616",99,99,98,99,92,41.8570071,-87.64512619999999
646,YCCS - Latino Youth Alternative HS,"2001 S California Ave, Chicago, IL 60608",-1,51,61,-1,-1,41.8546526,-87.6953253
647,YCCS - McKinley Lakeside Leadership HS,"2920 S Wabash Ave, Chicago, IL 60616",57,18,7,-1,49,41.841592,-87.6255022
648,YCCS - Olive Harvey Middle College HS,"10001 S Woodlawn Ave, Chicago, IL 60628",68,58,55,-1,48,41.7105412,-87.5920383
649,YCCS - Sullivan House Alternative HS,"8164 S South Chicago Ave, Chicago, IL 60617",89,59,67,48,60,41.7460295,-87.57874269999999
650,YCCS - Truman Middle College HS,"1145 W Wilson Ave, Chicago, IL 60640",62,48,45,32,64,41.96473659999999,-87.6589635
651,YCCS - West Town Acad Alternative HS,"500 N Sacramento Blvd, Chicago, IL 60612",-1,59,50,25,-1,41.8910124,-87.70263609999999
652,YCCS - Westside Holistic Leadership Acad HS,"4909 W Division St, Chicago, IL 60651",74,-1,-1,-1,66,41.9019651,-87.74922749999999
653,YCCS - Youth Connection Leadership Acad HS,"3424 S State St, Chicago, IL 60616",39,52,57,-1,39,41.8323371,-87.62726119999999
654,Young Women's Leadership Charter School,"2641 S Calumet Ave, Chicago, IL 60616",91,61,60,57,57,41.8444336,-87.6184451
