,Address,Ambitious_Instruction,Collaborative_Teachers,Effective_Leaders,Involved_Families,Supportive_Environment
A.N. Pritzker School,"2009 W Schiller St, Chicago, IL 60622",63,46,42,70,45
ACE Technical Charter School,"5410 S State St, Chicago, IL 60609",79,71,65,70,46
ASPIRA Business and Finance,"2989 N Milwaukee Ave, Chicago, IL 60618",55,32,16,25,49
ASPIRA Charter School - Early College High School,"3986 W Barry Ave, Chicago, IL 60618",72,64,52,75,64
ASPIRA Charter School - Haugan Middle School,"3729 W Leland Ave, Chicago, IL 60625",99,87,80,80,60
Abraham Lincoln Elementary School,"615 W Kemper Pl, Chicago, IL 60614",68,77,74,92,66
Academy for Global Citizenship Charter School,"4647 W 47th St, Chicago, IL 60632",80,83,69,96,59
Acero Charter Schools - Bartolome de las Casas,"1641 W 16th St, Chicago, IL 60608",70,62,49,68,41
Acero Charter Schools - Brighton Park,"4420 S Fairfield Ave, Chicago, IL 60632",58,44,53,69,46
Acero Charter Schools - Carlos Fuentes,"2845 W Barry Ave, Chicago, IL 60618",60,37,30,69,51
Acero Charter Schools - Esmeralda Santiago,"2510 W Cortez St, Chicago, IL 60622",99,81,64,82,82
Acero Charter Schools - Jovita Idar,"5050 S Homan Ave, Chicago, IL 60632",43,28,25,51,22
Acero Charter Schools - Major Hector P. Garcia MD,"4248 W 47th St, Chicago, IL 60632",53,50,32,58,56
Acero Charter Schools - Octavio Paz Campus,"2651 W 23rd St, Chicago, IL 60608",55,47,56,36,37
Acero Charter Schools - Officer Donald J. Marquez,"2916 W 47th St, Chicago, IL 60632",65,63,55,71,38
Acero Charter Schools - PFC Omar E. Torres,"4248 W 47th St, Chicago, IL 60632",56,16,22,43,40
Acero Charter Schools - Roberto Clemente,"2050 N Natchez Ave, Chicago, IL 60707",59,23,15,47,34
Acero Charter Schools - Rufino Tamayo,"5135 S California Ave, Chicago, IL 60632",76,73,61,80,60
Acero Charter Schools - SPC Daniel Zizumbo,"4248 W 47th St, Chicago, IL 60632",62,16,30,51,46
Acero Charter Schools - Sandra Cisneros,"2744 W Pershing Rd, Chicago, IL 60632",49,49,49,62,33
Acero Charter Schools - Sor Juana Ines de la Cruz,"7416 N Ridge Ave, Chicago, IL 60645",53,25,23,35,43
Acero Charter Schools - Victoria Soto,"5025 S St. Louis Ave, Chicago, IL 60632",67,48,34,50,60
Adam Clayton Powell Paideia Community Academy ES,"7511 S South Shore Dr, Chicago, IL 60649",87,42,37,47,57
Adlai E Stevenson Elementary School,"8010 S Kostner Ave, Chicago, IL 60652",98,90,79,96,79
Agustin Lara Elementary Academy,"4619 S Wolcott Ave, Chicago, IL 60609",86,70,70,74,62
Air Force Academy High School,"3630 S Wells St, Chicago, IL 60609",62,65,47,55,43
Al Raby High School,"3545 W Fulton Blvd, Chicago, IL 60624",73,63,62,52,55
Albany Park Multicultural Academy,"4929 N Sawyer Ave, Chicago, IL 60625",83,65,52,44,55
Albert G Lane Technical High School,"2501 W Addison St, Chicago, IL 60618",85,58,48,80,76
Albert R Sabin Elementary Magnet School,"2216 W Hirsch St, Chicago, IL 60622",68,46,40,58,40
Alessandro Volta Elementary School,"4950 N Avers Ave, Chicago, IL 60625",73,58,51,71,48
Alex Haley Elementary Academy,"11411 S Eggleston Ave, Chicago, IL 60628",97,73,63,73,63
Alexander Graham Bell Elementary School,"3730 N Oakley Ave, Chicago, IL 60618",65,62,58,81,56
Alexander Graham Elementary School,"4436 S Union Ave, Chicago, IL 60609",73,55,39,56,41
Alexander Hamilton Elementary School,"1650 W Cornelia Ave, Chicago, IL 60657",70,49,57,79,70
Alfred Nobel Elementary School,"4127 W Hirsch St, Chicago, IL 60651",75,80,75,71,37
Alice L Barnard Computer Math & Science Ctr ES,"10354 S Charles St, Chicago, IL 60643",48,49,56,51,18
Ambrose Plamondon Elementary School,"2642 W 15th Pl, Chicago, IL 60608",85,59,44,60,70
Amelia Earhart Options for Knowledge ES,"1710 E 93rd St, Chicago, IL 60617",95,70,43,-1,60
Amos Alonzo Stagg Elementary School,"7424 S Morgan St, Chicago, IL 60621",89,70,69,68,69
Andrew Carnegie Elementary School,"1414 E 61st Pl, Chicago, IL 60637",78,50,54,62,48
Andrew Jackson Elementary Language Academy,"1340 W Harrison St, Chicago, IL 60607",52,32,36,59,33
Anna R. Langford Community Academy,"6010 S Throop St, Chicago, IL 60636",50,40,39,36,18
Annie Keller Elementary Gifted Magnet School,"3020 W 108th St, Chicago, IL 60655",99,97,86,99,84
Ariel Elementary Community Academy,"1119 E 46th St, Chicago, IL 60653",68,63,61,79,38
Arnold Mireles Elementary Academy,"9000 S Exchange Ave, Chicago, IL 60617",64,50,46,47,34
Arthur A Libby Elementary School,"5300 S Loomis Blvd, Chicago, IL 60609",69,32,35,45,48
Arthur Dixon Elementary School,"8306 S Saint Lawrence Ave, Chicago, IL 60619",99,78,69,78,64
Arthur E Canty Elementary School,"3740 N Panama Ave, Chicago, IL 60634",71,60,52,68,44
Arthur R Ashe Elementary School,"8505 S Ingleside Ave, Chicago, IL 60619",80,80,67,68,35
Asa Philip Randolph Elementary School,"7316 S Hoyne Ave, Chicago, IL 60636",64,34,35,27,40
Ashburn Community Elementary School,"8300 S St Louis Ave, Chicago, IL 60652",83,66,64,76,53
Asian Human Services - Passages Charter School,"1643 W Bryn Mawr Ave, Chicago, IL 60660",57,65,45,61,30
Augustus H Burley Elementary School,"1630 W Barry Ave, Chicago, IL 60657",85,54,57,84,54
Austin College and Career Academy High School,"231 N Pine Ave, Chicago, IL 60644",70,67,52,58,45
Avalon Park Elementary School,"8045 S Kenwood Ave, Chicago, IL 60619",94,35,40,22,77
Back of the Yards IB HS,"2111 W 47th St, Chicago, IL 60609",86,71,49,67,73
Barbara Vick Early Childhood & Family Center,"2554 W 113th St, Chicago, IL 60655",-1,63,69,92,-1
Belmont-Cragin Elementary School,"5252 W Palmer St, Chicago, IL 60639",67,77,61,86,54
Benito Juarez Community Academy High School,"1450 W Cermak Rd, Chicago, IL 60608",77,78,59,84,62
Benjamin E Mays Elementary Academy,"6656 S Normal Blvd, Chicago, IL 60621",56,32,31,26,42
Bernhard Moos Elementary School,"1711 N California Ave, Chicago, IL 60647",75,69,65,65,58
Beulah Shoesmith Elementary School,"1330 E 50th St, Chicago, IL 60615",74,74,60,53,42
Blair Early Childhood Center,"6751 W 63rd Pl, Chicago, IL 60638",-1,73,81,86,-1
Bowen High School,"2710 E 89th St, Chicago, IL 60617",58,47,48,67,45
Bret Harte Elementary School,"1556 E 56th St, Chicago, IL 60637",70,53,54,67,46
Brian Piccolo Elementary Specialty School,"1040 N Keeler Ave, Chicago, IL 60651",83,79,74,55,71
Bridgescape Academy Brainerd,"8908 S Ashland Ave, Chicago, IL 60620",50,-1,-1,-1,53
Bridgescape Academy Humboldt Park,"2421 W Division, Chicago, IL 60622",44,49,37,-1,71
Bridgescape Academy Lawndale,"230 N Kolmar Ave, Chicago, IL 60624",44,-1,-1,-1,50
Bridgescape Academy Roseland,"10928 S Halsted Ave, Chicago, IL 60661",46,-1,-1,-1,64
Brighton Park Elementary School,"3825 S Washtenaw Ave, Chicago, IL 60632",52,46,57,42,25
Bronzeville Scholastic Academy High School,"4934 S Wabash Ave, Chicago, IL 60615",71,24,24,30,43
Burnham Elementary Inclusive Academy,"9928 S Crandon Ave, Chicago, IL 60617",70,31,42,50,45
Burnside Elementary Scholastic Academy,"650 E 91st Pl, Chicago, IL 60619",81,44,49,46,59
CICS - Avalon/South Shore,"1501 E 83rd Pl, Chicago, IL 60619",92,58,60,46,40
CICS - Basil,"1816 W Garfield Blvd, Chicago, IL 60609",71,47,39,31,44
CICS - Bucktown,"2235 N Hamilton Ave, Chicago, IL 60647",71,82,68,80,49
CICS - ChicagoQuest North,"1443 N Ogden Ave, Chicago, IL 60610",89,82,53,76,72
CICS - Irving Park,"3820 N Spaulding Ave, Chicago, IL 60618",59,76,58,72,58
CICS - Lloyd Bond,"13300 S Langley Ave, Chicago, IL 60827",74,54,48,33,49
CICS - Longwood,"1309 W 95th St, Chicago, IL 60643",41,64,61,47,12
CICS - Loomis Primary,"9535 S Loomis St, Chicago, IL 60643",-1,53,64,50,-1
CICS - Northtown,"3900 W Peterson Ave, Chicago, IL 60659",88,94,89,93,83
CICS - Prairie,"11530 S Prairie Ave, Chicago, IL 60628",32,51,47,49,30
CICS - Ralph Ellison,"1817 W 80th St, Chicago, IL 60620",77,52,53,56,58
CICS - Washington Park,"110 E 61st St, Chicago, IL 60637",94,61,47,41,48
CICS - West Belden,"2245 N Mcvicker Ave, Chicago, IL 60639",73,68,47,78,64
CICS - Wrightwood,"8130 S California Ave, Chicago, IL 60652",80,86,73,80,36
Calmeca Academy of Fine Arts and Dual Language,"3456 W 38th St, Chicago, IL 60632",74,64,61,75,64
Camelot - Chicago Excel Academy,"1257 W 111th St, Chicago, IL 60643",82,69,38,48,63
Camelot Excel - Englewood HS,"7141 S Morgan, Chicago, IL 60621",92,73,66,43,77
Camelot Excel - Southwest HS,"7014 S Washtenaw Ave, Chicago, IL 60629",82,72,-1,-1,72
Camelot Safe Academy ES and HS,"7877 S Coles Ave, Chicago, IL 60649",99,99,87,-1,83
Carl Schurz High School,"3601 N Milwaukee Ave, Chicago, IL 60641",67,54,47,45,51
Carl von Linne Elementary School,"3221 N Sacramento Ave, Chicago, IL 60618",98,80,75,82,75
Carrie Jacobs Bond Elementary School,"7050 S May St, Chicago, IL 60621",78,30,29,36,91
Carroll-Rosenwald Specialty Elementary School,"2929 W 83rd St, Chicago, IL 60652",99,86,73,93,92
Carter G Woodson South Elementary School,"4414 S Evans Ave, Chicago, IL 60653",90,46,43,53,61
Catalyst Elementary Charter School - Circle Rock,"5608 W Washington Blvd, Chicago, IL 60644",92,72,68,68,61
Catalyst Maria Charter Elementary School,"6727 S California Ave, Chicago, IL 60629",57,64,55,68,31
Catalyst Maria Charter High School,"6727 S California Ave, Chicago, IL 60629",61,47,49,61,50
Cesar E Chavez Multicultural Academic Center ES,"4747 S Marshfield Ave, Chicago, IL 60609",70,69,69,69,51
Charles Allen Prosser Career Academy High School,"2148 N Long Ave, Chicago, IL 60639",86,55,36,55,65
Charles Evans Hughes Elementary School,"4247 W 15th St, Chicago, IL 60623",81,57,58,46,54
Charles G Hammond Elementary School,"2819 W 21st Pl, Chicago, IL 60623",49,50,52,67,36
Charles Gates Dawes Elementary School,"3810 W 81st Pl, Chicago, IL 60652",93,82,72,70,57
Charles H Wacker Elementary School,"9746 S Morgan St, Chicago, IL 60643",89,42,43,53,82
Charles Kozminski Elementary Community Academy,"936 E 54th St, Chicago, IL 60615",63,60,56,66,35
Charles N Holden Elementary School,"1104 W 31st St, Chicago, IL 60608",77,53,39,55,58
Charles P Caldwell Academy of Math & Science ES,"8546 S Cregier Ave, Chicago, IL 60617",96,75,75,81,88
Charles P Steinmetz College Preparatory HS,"3030 N Mobile Ave, Chicago, IL 60634",69,80,60,82,50
Charles R Darwin Elementary School,"3116 W Belden Ave, Chicago, IL 60647",75,64,57,66,60
Charles R Henderson Elementary School,"5650 S Wolcott Ave, Chicago, IL 60636",78,56,57,44,44
Charles S Brownell Elementary School,"6741 S Michigan Ave, Chicago, IL 60637",69,40,42,-1,52
Charles S Deneen Elementary School,"7240 S Wabash Ave, Chicago, IL 60619",97,75,65,78,84
Charles Sumner Math & Science Community Acad ES,"4320 W 5th Ave, Chicago, IL 60624",77,68,63,71,42
Charles W Earle Elementary School,"2040 W 62nd St, Chicago, IL 60636",55,35,37,49,34
Chicago Academy Elementary School,"3400 N Austin Ave, Chicago, IL 60634",75,59,54,63,46
Chicago Academy High School,"3400 N Austin Ave, Chicago, IL 60634",76,60,54,52,57
Chicago Collegiate Charter School,"11816 S Indiana, Chicago, IL 60628",45,43,40,45,25
Chicago High School for Agricultural Sciences,"3857 W 111th St, Chicago, IL 60655",64,74,66,86,63
Chicago High School for the Arts (ChiArts),"2714 W Augusta Blvd, Chicago, IL 60622",70,34,24,53,60
Chicago Math and Science Academy Charter School,"7212 N Clark St, Chicago, IL 60626",75,60,53,65,53
Chicago Military Academy High School,"3519 S Giles Ave, Chicago, IL 60653",75,54,60,67,44
Chicago Technology Academy High School,"1301 W 14th St, Chicago, IL 60608",65,78,64,67,64
Chicago Virtual Charter School,"38 S Peoria St, Chicago, IL 60607",57,57,43,60,59
Chicago Vocational Career Academy High School,"2100 E 87th St, Chicago, IL 60617",82,60,56,60,55
Christian Ebinger Elementary School,"7350 W Pratt Ave, Chicago, IL 60631",81,85,76,95,60
Christian Fenger Academy High School,"11220 S Wallace St, Chicago, IL 60628",96,78,71,58,74
Christopher Columbus Elementary School,"1003 N Leavitt St, Chicago, IL 60622",95,86,72,97,82
Christopher House Charter School,"5235 W Belden Ave, Chicago, IL 60639",-1,56,52,78,-1
Clara Barton Elementary School,"7650 S Wolcott Ave, Chicago, IL 60620",82,59,51,56,52
Claremont Academy Elementary School,"2300 W 64th St, Chicago, IL 60636",97,66,60,62,80
Collins Academy High School,"1313 S Sacramento Dr, Chicago, IL 60623",89,74,68,45,80
Columbia Explorers Elementary Academy,"4520 S Kedzie Ave, Chicago, IL 60632",75,65,69,61,54
Consuella B York Alternative HS,"2700 S California Ave, Chicago, IL 60608",64,59,64,40,40
Countee Cullen Elementary School,"10650 S Eberhart Ave, Chicago, IL 60628",98,63,58,36,70
Crown Community Academy of Fine Arts Center ES,"2128 S Saint Louis Ave, Chicago, IL 60623",92,75,65,66,86
Cyrus H McCormick Elementary School,"2712 S Sawyer Ave, Chicago, IL 60623",-1,62,64,71,-1
Daniel Boone Elementary School,"6710 N Washtenaw Ave, Chicago, IL 60645",86,79,67,73,62
Daniel C Beard Elementary School,"6445 W Strong St, Chicago, IL 60656",-1,92,83,99,-1
Daniel Hale Williams Prep School of Medicine,"4934 S Wabash Ave, Chicago, IL 60615",88,89,80,95,62
Daniel J Corkery Elementary School,"2510 S Kildare Ave, Chicago, IL 60623",64,54,46,70,35
Daniel R Cameron Elementary School,"1234 N Monticello Ave, Chicago, IL 60651",95,68,63,65,58
Daniel S Wentworth Elementary School,"1340 W 71st St, Chicago, IL 60636",67,37,48,43,33
Daniel Webster Elementary School,"4055 W Arthington St, Chicago, IL 60624",82,52,52,45,85
David G Farragut Career Academy High School,"2345 S Christiana Ave, Chicago, IL 60623",70,55,50,54,58
DeVry University Advantage Academy HS,"3300 N Campbell Ave, Chicago, IL 60618",85,92,82,-1,85
DeWitt Clinton Elementary School,"6110 N Fairfield Ave, Chicago, IL 60659",98,79,71,80,94
Dewey Elementary Academy of Fine Arts,"5415 S Union Ave, Chicago, IL 60609",91,78,74,74,80
Disney II Magnet High School,"3900 N Lawndale Ave, Chicago, IL 60618",74,76,58,93,58
Disney II Magnet School,"3815 N Kedvale Ave, Chicago, IL 60641",92,86,67,94,68
Donald Morrill Math & Science Elementary School,"6011 S Rockwell St, Chicago, IL 60629",44,21,15,35,31
Douglas Taylor Elementary School,"9912 S Avenue H, Chicago, IL 60617",46,32,8,51,33
Dr Martin Luther King Jr College Prep HS,"4445 S Drexel Blvd, Chicago, IL 60653",81,41,39,53,56
Dr Jorge Prieto Math and Science,"2231 N Central Ave, Chicago, IL 60639",65,46,39,51,26
Dr. Martin L. King Jr Academy of Social Justice,"644 W 71st St, Chicago, IL 60621",52,42,45,29,47
Dunne Technology Academy,"10845 S Union Ave, Chicago, IL 60628",99,84,68,71,99
Durkin Park Elementary School,"8445 S Kolin Ave, Chicago, IL 60652",74,67,68,75,47
Dvorak Technology Academy,"3615 W 16th St, Chicago, IL 60623",90,71,62,46,67
EPIC Academy Charter High School,"8255 S Houston Ave, Chicago, IL 60617",87,59,57,60,63
Edgar Allan Poe Elementary Classical School,"10538 S Langley Ave, Chicago, IL 60628",90,60,46,89,49
Edgebrook Elementary School,"6525 N Hiawatha Ave, Chicago, IL 60646",70,58,63,70,57
Edison Park Elementary School,"6220 N Olcott Ave, Chicago, IL 60631",69,35,49,72,56
Edmond Burke Elementary School,"5356 S King Dr, Chicago, IL 60615",74,66,60,58,59
Edward A Bouchet Math & Science Academy ES,"7355 S Jeffery Blvd, Chicago, IL 60649",96,87,71,77,69
Edward Beasley Elementary Magnet Academic Center,"5255 S State St, Chicago, IL 60609",82,70,51,78,45
Edward Coles Elementary Language Academy,"8441 S Yates Blvd, Chicago, IL 60617",87,56,48,36,36
Edward Everett Elementary School,"3419 S Bell Ave, Chicago, IL 60608",-1,83,71,90,-1
Edward Jenner Elementary Academy of the Arts,"1119 N Cleveland Ave, Chicago, IL 60610",53,34,30,45,40
Edward K Ellington Elementary School,"243 N Parkside Ave, Chicago, IL 60644",92,66,63,59,95
Edward N Hurley Elementary School,"3849 W 69th Pl, Chicago, IL 60629",60,62,48,66,38
Edward Tilden Career Community Academy HS,"4747 S Union Ave, Chicago, IL 60609",61,72,60,43,49
Edward White Elementary Career Academy,"1136 W 122nd St, Chicago, IL 60643",69,53,52,50,44
Edwin G. Foreman College and Career Academy,"3235 N Leclaire Ave, Chicago, IL 60641",73,35,23,39,59
Eli Whitney Elementary School,"2815 S Komensky Ave, Chicago, IL 60623",64,46,39,52,39
Eliza Chappell Elementary School,"2135 W Foster Ave, Chicago, IL 60625",80,80,77,94,60
Elizabeth H Sutherland Elementary School,"10015 S Leavitt St, Chicago, IL 60643",59,58,65,81,41
Ella Flagg Young Elementary School,"1434 N Parkside Ave, Chicago, IL 60651",71,64,58,74,39
Ellen H Richards Career Academy High School,"5009 S Laflin St, Chicago, IL 60609",46,50,59,37,42
Ellen Mitchell Elementary School,"2233 W Ohio St, Chicago, IL 60612",87,91,81,94,72
Emil G Hirsch Metropolitan High School,"7740 S Ingleside Ave, Chicago, IL 60619",78,55,44,51,80
Emiliano Zapata Elementary Academy,"2728 S Kostner Ave, Chicago, IL 60623",92,71,71,73,69
Emmett Louis Till Math and Science Academy,"6543 S Champlain Ave, Chicago, IL 60637",93,71,58,60,87
Enrico Tonti Elementary School,"5815 S Homan Ave, Chicago, IL 60629",-1,38,38,46,-1
Eric Solorio Academy High School,"5400 S St Louis Ave, Chicago, IL 60632",80,81,70,64,70
Erie Elementary Charter School,"1405 N Washtenaw Ave, Chicago, IL 60622",47,38,33,44,33
Ernst Prussing Elementary School,"4650 N Menard Ave, Chicago, IL 60630",62,53,51,63,34
Esmond Elementary School,"1865 W Montvale Ave, Chicago, IL 60643",80,75,71,81,42
Eugene Field Elementary School,"7019 N Ashland Ave, Chicago, IL 60626",87,91,74,81,47
Everett McKinley Dirksen Elementary School,"8601 W Foster Ave, Chicago, IL 60656",48,56,55,55,31
Evergreen Academy Middle School,"3537 S Paulina St, Chicago, IL 60609",97,92,93,87,69
Fairfield Elementary Academy,"6201 S Fairfield Ave, Chicago, IL 60629",63,32,39,48,32
Federico Garcia Lorca Elementary School,"3231 N Springfield Ave, Chicago, IL 60618",75,64,58,62,52
Ferdinand Peck Elementary School,"3826 W 58th St, Chicago, IL 60629",-1,85,75,92,-1
Fernwood Elementary School,"10041 S Union Ave, Chicago, IL 60628",91,67,65,56,93
Florence Nightingale Elementary School,"5250 S Rockwell St, Chicago, IL 60632",75,57,60,73,50
Fort Dearborn Elementary School,"9025 S Throop St, Chicago, IL 60620",71,50,47,30,43
Foster Park Elementary School,"8530 S Wood St, Chicago, IL 60620",89,58,54,67,89
Foundations College Preparatory Charter School,"1233 W 109th Pl, Chicago, IL 60643",90,69,65,51,45
Francis M McKay Elementary School,"6901 S Fairfield Ave, Chicago, IL 60629",88,76,68,60,43
Francis W Parker Elementary Community Academy,"6800 S Stewart Ave, Chicago, IL 60621",78,81,65,60,36
Francisco I Madero Middle School,"3202 W 28th St, Chicago, IL 60623",86,84,85,75,53
Frank I Bennett Elementary School,"10115 S Prairie Ave, Chicago, IL 60628",97,68,67,54,45
Frank L Gillespie Elementary School,"9301 S State St, Chicago, IL 60619",83,66,62,60,69
Frank W Gunsaulus Elementary Scholastic Academy,"4420 S Sacramento Ave, Chicago, IL 60632",80,76,56,84,54
Frank W Reilly Elementary School,"3650 W School St, Chicago, IL 60618",57,33,32,55,41
Franklin Elementary Fine Arts Center,"225 W Evergreen Ave, Chicago, IL 60610",73,63,50,82,40
Franz Peter Schubert Elementary School,"2727 N Long Ave, Chicago, IL 60639",-1,60,53,80,-1
Frazier Preparatory Academy Charter School,"3711 W Douglas Blvd, Chicago, IL 60623",46,18,19,31,14
Frazier Prospective IB Magnet ES,"4027 W Grenshaw St, Chicago, IL 60624",89,68,52,64,62
Frederic Chopin Elementary School,"2450 W Rice St, Chicago, IL 60622",41,45,52,50,18
Frederick A Douglass Academy High School,"543 N Waller Ave, Chicago, IL 60644",74,79,61,56,71
Frederick Funston Elementary School,"2010 N Central Park Ave, Chicago, IL 60647",72,47,43,61,58
Frederick Stock Elementary School,"7507 W Birchwood Ave, Chicago, IL 60631",-1,77,66,98,-1
Friedrich L. Jahn Elementary of the Fine Arts,"3149 N Wolcott Ave, Chicago, IL 60657",59,36,32,53,50
Friedrich W von Steuben Metropolitan Science HS,"5039 N Kimball Ave, Chicago, IL 60625",75,68,48,74,63
Gage Park High School,"5630 S Rockwell St, Chicago, IL 60629",49,62,51,72,40
Galileo Math & Science Scholastic Academy ES,"820 S Carpenter St, Chicago, IL 60607",68,46,56,57,38
Genevieve Melody Elementary School,"3937 W Wilcox St, Chicago, IL 60624",82,56,50,48,67
George Armstrong International Studies ES,"2110 W Greenleaf Ave, Chicago, IL 60645",86,91,77,87,58
George B McClellan Elementary School,"3527 S Wallace St, Chicago, IL 60609",65,68,58,78,37
George B Swift Elementary Specialty School,"5900 N Winthrop Ave, Chicago, IL 60660",66,45,41,66,40
George F Cassell Elementary School,"11314 S Spaulding Ave, Chicago, IL 60655",90,63,61,72,71
George H Corliss High School,"821 E 103rd St, Chicago, IL 60628",65,61,51,55,45
George Leland Elementary School,"512 S Lavergne Ave, Chicago, IL 60644",72,91,83,90,28
George M Pullman Elementary School,"11311 S Forrestville Ave, Chicago, IL 60628",78,40,45,57,55
George Manierre Elementary School,"1420 N Hudson Ave, Chicago, IL 60610",64,50,44,52,36
George Rogers Clark Elementary School,"1045 S Monitor Ave, Chicago, IL 60644",98,83,68,93,86
George W Curtis Elementary School,"32 E 115th St, Chicago, IL 60628",81,63,65,61,46
George W Tilton Elementary School,"223 N Keeler Ave, Chicago, IL 60624",75,67,60,54,59
George Washington Carver Military Academy HS,"13100 S Doty Ave, Chicago, IL 60627",75,74,59,82,56
George Washington Carver Primary School,"901 E 133rd Pl, Chicago, IL 60827",61,26,4,8,33
George Washington Elementary School,"3611 E 114th St, Chicago, IL 60617",71,61,56,68,51
George Washington High School,"3535 E 114th St, Chicago, IL 60617",64,55,38,56,53
George Westinghouse College Prep,"3223 W Franklin Blvd, Chicago, IL 60624",91,82,76,89,72
Gerald Delgado Kanoon Elementary Magnet School,"2233 S Kedzie Ave, Chicago, IL 60623",78,70,53,74,58
Great Lakes Academy Charter School,"8401 S Saginaw Ave, Chicago, IL 60617",-1,48,48,53,-1
Greater Lawndale High School For Social Justice,"3120 S Kostner Ave, Chicago, IL 60623",83,85,66,74,56
Grover Cleveland Elementary School,"3121 W Byron St, Chicago, IL 60618",76,58,57,65,41
Gurdon S Hubbard High School,"6200 S Hamlin Ave, Chicago, IL 60629",69,72,65,74,53
Gwendolyn Brooks College Preparatory Academy HS,"250 E 111th St, Chicago, IL 60628",72,66,52,71,51
Hannah G Solomon Elementary School,"6206 N Hamlin Ave, Chicago, IL 60659",72,44,42,57,58
Hanson Park Elementary School,"5411 W Fullerton Ave, Chicago, IL 60639",60,41,49,57,32
Harold Washington Elementary School,"9130 S University Ave, Chicago, IL 60619",58,49,44,46,29
Harriet Beecher Stowe Elementary School,"3444 W Wabansia Ave, Chicago, IL 60647",60,35,38,56,43
Harriet E Sayre Elementary Language Academy,"1850 N Newland Ave, Chicago, IL 60707",66,26,22,51,52
Hawthorne Elementary Scholastic Academy,"3319 N Clifton Ave, Chicago, IL 60657",76,51,51,75,47
Helen M Hefferan Elementary School,"4409 W Wilcox St, Chicago, IL 60624",97,61,60,57,92
Helen Peirce International Studies ES,"1423 W Bryn Mawr Ave, Chicago, IL 60660",78,54,43,73,53
Helge A Haugan Elementary School,"4540 N Hamlin Ave, Chicago, IL 60625",87,65,51,57,58
Henry Clay Elementary School,"13231 S Burley Ave, Chicago, IL 60633",63,48,39,54,42
Henry D Lloyd Elementary School,"2103 N Lamon Ave, Chicago, IL 60639",-1,53,53,59,-1
Henry H Nash Elementary School,"4837 W Erie St, Chicago, IL 60644",94,66,52,62,88
Henry O Tanner Elementary School,"7350 S Evans Ave, Chicago, IL 60619",89,71,59,63,63
Henry R Clissold Elementary School,"2350 W 110th Pl, Chicago, IL 60643",57,45,40,60,30
Hiram H Belding Elementary School,"4257 N Tripp Ave, Chicago, IL 60641",72,78,75,90,54
Hope College Preparatory High School,"5515 S Lowe Ave, Chicago, IL 60621",72,59,61,45,66
Hope Institute Learning Academy,"1628 W Washington, Chicago, IL 60612",-1,89,84,95,-1
Horace Greeley Elementary School,"832 W Sheridan Rd, Chicago, IL 60613",60,70,59,81,25
Horace Mann Elementary School,"8050 S Chappel Ave, Chicago, IL 60617",95,71,65,60,57
Horizon Science Academy Southwest Chicago Charter,"5401 S Western Ave, Chicago, IL 60609",38,32,31,45,20
Hyde Park Academy High School,"6220 S Stony Island Ave, Chicago, IL 60637",64,47,43,37,49
Hyman G Rickover Naval Academy High School,"5900 N Glenwood Ave, Chicago, IL 60660",68,62,59,78,63
Ida B Wells Preparatory Elementary Academy,"249 E 37th St, Chicago, IL 60653",90,69,55,68,43
Infinity Math Science and Technology High School,"3120 S Kostner Ave, Chicago, IL 60623",72,63,52,62,56
Instituto - Justice Lozano,"2570 S Blue Island Ave, Chicago, IL 60608",52,-1,-1,-1,67
Instituto Health Sciences Career Academy,"2520 S Western Ave, Chicago, IL 60608",65,31,26,43,51
Inter-American Elementary Magnet School,"851 W Waveland Ave, Chicago, IL 60613",70,49,38,85,20
Intrinsic Charter School,"4540 W Belmont Ave, Chicago, IL 60641",75,53,45,84,66
Ira F Aldridge Elementary School,"630 E 131st St, Chicago, IL 60827",87,71,58,70,37
Irene C. Hernandez Middle School for the Advancement of Science,"3510 W 55th St, Chicago, IL 60632",66,44,37,48,36
Irma C Ruiz Elementary School,"2410 S Leavitt St, Chicago, IL 60608",87,91,78,94,53
Irvin C Mollison Elementary School,"4415 S Dr Martin L King Jr Dr, Chicago, IL 60653",57,17,23,29,42
Isabelle C O'Keeffe Elementary School,"6940 S Merrill Ave, Chicago, IL 60649",82,35,45,37,69
Jackie Robinson Elementary School,"4225 S Lake Park Ave, Chicago, IL 60653",-1,74,75,88,-1
Jacob Beidler Elementary School,"3151 W Walnut St, Chicago, IL 60612",92,63,53,61,84
Jacqueline B Vaughn Occupational High School,"4355 N Linder Ave, Chicago, IL 60641",73,86,70,91,57
James B Farnsworth Elementary School,"5414 N Linder Ave, Chicago, IL 60630",60,84,76,89,38
James B McPherson Elementary School,"4728 N Wolcott Ave, Chicago, IL 60640",75,84,70,81,51
James E McDade Elementary Classical School,"8801 S Indiana Ave, Chicago, IL 60619",41,-1,-1,-1,17
James G Blaine Elementary School,"1420 W Grace St, Chicago, IL 60613",66,64,68,89,43
James Hedges Elementary School,"4747 S Winchester Ave, Chicago, IL 60609",50,37,28,50,22
James Madison Elementary School,"7433 S Dorchester Ave, Chicago, IL 60619",80,63,61,62,57
James Monroe Elementary School,"3651 W Schubert Ave, Chicago, IL 60647",65,66,58,63,39
James N Thorp Elementary School,"8914 S Buffalo Ave, Chicago, IL 60617",82,48,49,53,67
James Otis Elementary School,"525 N Armour St, Chicago, IL 60622",66,45,30,53,43
James R Doolittle Jr Elementary School,"535 E 35th St, Chicago, IL 60616",49,31,22,15,22
James Russell Lowell Elementary School,"3320 W Hirsch St, Chicago, IL 60651",65,72,60,75,49
James Shields Elementary School,"4250 S Rockwell St, Chicago, IL 60632",-1,70,61,72,-1
James Shields Middle School,"2611 W 48th St, Chicago, IL 60632",80,88,80,65,38
James Wadsworth Elementary School,"6650 S Ellis Ave, Chicago, IL 60637",86,52,52,47,60
James Ward Elementary School,"2701 S Shields Ave, Chicago, IL 60616",59,70,69,84,37
James Weldon Johnson Elementary School,"1420 S Albany Ave, Chicago, IL 60623",89,83,66,51,58
Jane A Neil Elementary School,"8555 S Michigan Ave, Chicago, IL 60619",60,50,44,49,35
Jane Addams Elementary School,"10810 S Avenue H, Chicago, IL 60617",72,68,48,66,47
Jean Baptiste Beaubien Elementary School,"5025 N Laramie Ave, Chicago, IL 60630",78,58,63,74,57
Jensen Elementary Scholastic Academy,"3030 W Harrison St, Chicago, IL 60612",-1,67,57,64,-1
Jesse Owens Elementary Community Academy,"12302 S State St, Chicago, IL 60628",90,67,61,59,84
Jesse Sherwood Elementary School,"245 W 57th St, Chicago, IL 60621",94,63,56,77,85
Johann W von Goethe Elementary School,"2236 N Rockwell St, Chicago, IL 60647",64,74,66,83,36
John A Walsh Elementary School,"2015 S Peoria St, Chicago, IL 60608",66,61,42,73,33
John B Drake Elementary School,"2710 S Dearborn St, Chicago, IL 60616",89,80,74,86,84
John B Murphy Elementary School,"3539 W Grace St, Chicago, IL 60618",88,37,38,67,75
John Barry Elementary School,"2828 N Kilbourn Ave, Chicago, IL 60641",67,59,59,66,41
John C Burroughs Elementary School,"3542 S Washtenaw Ave, Chicago, IL 60632",77,72,69,67,59
John C Coonley Elementary School,"4046 N Leavitt St, Chicago, IL 60618",73,78,69,98,56
John C Dore Elementary School,"6108 S Natoma Ave, Chicago, IL 60638",73,72,60,80,37
John Charles Haines Elementary School,"247 W 23rd Pl, Chicago, IL 60616",61,54,54,71,52
John D Shoop Math-Science Technical Academy ES,"11140 S Bishop St, Chicago, IL 60643",93,67,66,53,89
John F Eberhart Elementary School,"3400 W 65th Pl, Chicago, IL 60629",87,49,57,62,52
John F Kennedy High School,"6325 W 56th St, Chicago, IL 60638",71,42,30,57,50
John Fiske Elementary School,"6020 S Langley Ave, Chicago, IL 60637",99,95,90,99,85
John Foster Dulles Elementary School,"6311 S Calumet Ave, Chicago, IL 60637",79,53,55,47,66
John Greenleaf Whittier Elementary School,"1900 W 23rd St, Chicago, IL 60608",84,87,76,97,56
John H Hamline Elementary School,"4747 S Bishop St, Chicago, IL 60609",47,37,28,46,29
John H Kinzie Elementary School,"5625 S Mobile Ave, Chicago, IL 60638",85,88,72,89,64
John H Vanderpoel Elementary Magnet School,"9510 S Prospect Ave, Chicago, IL 60643",64,39,30,64,60
John Hancock College Preparatory High School,"4034 W 56th St, Chicago, IL 60629",91,78,74,78,71
John Harvard Elementary School of Excellence,"7525 S Harvard, Chicago, IL 60620",64,69,66,48,35
John Hay Elementary Community Academy,"1018 N Laramie Ave, Chicago, IL 60651",78,69,57,62,31
John J Audubon Elementary School,"3500 N Hoyne Ave, Chicago, IL 60618",66,64,50,78,59
John J Pershing Elementary Humanities Magnet,"3200 S Calumet Ave, Chicago, IL 60616",95,67,50,69,77
John L Marsh Elementary School,"9822 S Exchange Ave, Chicago, IL 60617",71,50,53,60,54
John M Harlan Community Academy High School,"9652 S Michigan Ave, Chicago, IL 60628",64,32,31,39,48
John Marshall Metropolitan High School,"3250 W Adams St, Chicago, IL 60624",90,75,56,81,80
John Milton Gregory Elementary School,"3715 W Polk St, Chicago, IL 60624",81,76,70,49,60
John Palmer Elementary School,"5051 N Kenneth Ave, Chicago, IL 60630",73,51,54,69,57
John Spry Elementary Community School,"2400 S Marshall Blvd, Chicago, IL 60623",66,49,46,62,42
John T McCutcheon Elementary School,"4865 N Sheridan Rd, Chicago, IL 60640",98,75,70,63,89
John T Pirie Fine Arts & Academic Center ES,"650 E 85th St, Chicago, IL 60619",79,73,61,61,47
John W Cook Elementary School,"8150 S Bishop St, Chicago, IL 60620",75,48,11,40,51
John W Garvy Elementary School,"5225 N Oak Park Ave, Chicago, IL 60656",67,55,52,71,44
John Whistler Elementary School,"11533 S Ada St, Chicago, IL 60643",85,62,65,79,60
Johnnie Colemon Elementary Academy,"1441 W 119th St, Chicago, IL 60643",96,82,73,79,67
Jonathan Burr Elementary School,"1621 W Wabansia Ave, Chicago, IL 60622",94,84,76,88,80
Jonathan Y Scammon Elementary School,"4201 W Henderson St, Chicago, IL 60641",77,52,56,62,47
Jordan Elementary Community School,"7414 N Wolcott Ave, Chicago, IL 60626",62,39,39,48,41
Jose De Diego Elementary Community Academy,"1313 N Claremont Ave, Chicago, IL 60622",69,75,67,75,42
Josefa Ortiz De Dominguez Elementary School,"3000 S Lawndale Ave, Chicago, IL 60623",-1,56,66,70,-1
Joseph Brennemann Elementary School,"4251 N Clarendon Ave, Chicago, IL 60613",-1,70,72,68,-1
Joseph E Gary Elementary School,"3740 W 31st St, Chicago, IL 60623",78,55,47,70,52
Joseph Jungman Elementary School,"1746 S Miller St, Chicago, IL 60608",93,57,60,64,87
Joseph Kellman Corporate Community ES,"3030 W Arthington St, Chicago, IL 60612",71,65,46,72,33
Joseph Lovett Elementary School,"6333 W Bloomingdale Ave, Chicago, IL 60639",92,68,56,78,59
Joseph Warren Elementary School,"9239 S Jeffery Ave, Chicago, IL 60617",88,64,61,46,66
Josephine C Locke Elementary School,"2828 N Oak Park Ave, Chicago, IL 60634",91,79,68,84,68
Joshua D Kershaw Elementary School,"6450 S Lowe Ave, Chicago, IL 60621",72,65,58,73,46
Josiah Pickard Elementary School,"2301 W 21st Pl, Chicago, IL 60608",78,81,80,93,59
Joyce Kilmer Elementary School,"6700 N Greenview Ave, Chicago, IL 60626",97,57,50,75,79
Julia Ward Howe Elementary School of Excellence,"720 N Lorel Ave, Chicago, IL 60644",75,32,38,27,41
KIPP Academy Chicago Campus,"4818 W Ohio St, Chicago, IL 60644",95,93,85,68,65
KIPP Ascend Charter School,"1616 S Avers Ave, Chicago, IL 60623",86,58,48,54,45
KIPP Chicago Charter School - KIPP Bloom,"5515 S Lowe Ave, Chicago, IL 60621",87,72,67,69,40
KIPP One Academy,"730 N Pulaski Rd, Chicago, IL 60624",99,86,72,78,94
Kate S Kellogg Elementary School,"9241 S Leavitt St, Chicago, IL 60620",88,78,68,82,70
Kelvyn Park High School,"4343 W Wrightwood Ave, Chicago, IL 60639",59,72,43,52,48
Kenwood Academy High School,"5015 S Blackstone Ave, Chicago, IL 60615",98,80,72,91,74
Kwame Nkrumah Academy Charter School,"314 W 108th St, Chicago, IL 60628",56,22,24,28,13
L.E.A.R.N. - 7th Campus,"3021 W Carroll Ave, Chicago, IL 60612",-1,47,53,51,-1
L.E.A.R.N. - Charles and Dorothy Campbell Campus,"212 S Francisco Ave, Chicago, IL 60612",-1,95,89,97,-1
L.E.A.R.N. - Excel Campus,"3021 W Carroll Ave, Chicago, IL 60612",-1,92,87,98,-1
L.E.A.R.N. - Hunter Perkins Campus,"1700 W. 83rd Street, Chicago, IL 60620",67,78,79,70,40
L.E.A.R.N. - Middle School Campus,"3021 W Carroll Ave, Chicago, IL 60612",78,61,72,36,34
L.E.A.R.N. - Romano Butler Campus,"1132 S Homan Ave, Chicago, IL 60624",71,51,52,41,36
L.E.A.R.N. - South Chicago Campus,"8914 S. Buffalo Avenue, Chicago, IL 60617",85,55,49,42,33
LaSalle Elementary Language Academy,"1734 N Orleans St, Chicago, IL 60614",81,55,39,73,67
LaSalle II Magnet Elementary School,"1148 N Honore St, Chicago, IL 60622",70,77,73,80,48
Lake View High School,"4015 N Ashland Ave, Chicago, IL 60613",52,48,30,51,44
Langston Hughes Elementary School,"240 W 104th St, Chicago, IL 60628",75,65,59,58,33
Laughlin Falconer Elementary School,"3020 N Lamon Ave, Chicago, IL 60641",81,69,62,66,65
Laura S Ward Elementary School,"646 N Lawndale Ave, Chicago, IL 60624",96,61,59,69,57
Lawndale Elementary Community Academy,"3500 W Douglas Blvd, Chicago, IL 60623",78,52,40,44,37
Lazaro Cardenas Elementary School,"2345 S Millard Ave, Chicago, IL 60623",-1,71,73,68,-1
Legacy Charter School,"3318 West Ogden Ave, Chicago, IL 60623",79,54,55,58,53
Legal Prep Charter Academy,"4319 W Washington Blvd, Chicago, IL 60612",64,67,67,53,48
Leif Ericson Elementary Scholastic Academy,"3600 W 5th Ave, Chicago, IL 60624",77,52,63,62,32
Lenart Elementary Regional Gifted Center,"8101 S Lasalle St, Chicago, IL 60620",46,43,52,83,45
Leslie Lewis Elementary School,"1431 N Leamington Ave, Chicago, IL 60651",99,96,88,82,75
Lillian R. Nicholson STEM Academy,"6006 S Peoria St, Chicago, IL 60621",-1,16,10,29,-1
Lincoln Park High School,"2001 N Orchard St, Chicago, IL 60614",80,-1,-1,-1,49
Lionel Hampton Fine & Performing Arts ES,"3434 W 77th St, Chicago, IL 60652",46,66,49,59,22
Little Black Pearl Art and Design Academy,"1060 E 47th St, Chicago, IL 60653",92,-1,-1,-1,63
Little Village Elementary School,"2620 S Lawndale Ave, Chicago, IL 60623",60,59,63,55,46
Logandale Middle School,"3212 W George St, Chicago, IL 60618",64,73,63,69,44
Lorenz Brentano Math & Science Academy ES,"2723 N Fairfield Ave, Chicago, IL 60647",80,68,63,78,38
Louis A Agassiz Elementary School,"2851 N Seminary Ave, Chicago, IL 60657",83,95,78,96,68
Louis Nettelhorst Elementary School,"3252 N Broadway St, Chicago, IL 60657",43,48,48,77,31
Louis Pasteur Elementary School,"5825 S Kostner Ave, Chicago, IL 60629",-1,59,50,66,-1
Louisa May Alcott College Preparatory ES,"2625 N Orchard St, Chicago, IL 60614",67,61,53,93,39
Louisa May Alcott College Preparatory HS,"2957 N Hoyne Ave, Chicago, IL 60618",88,95,90,99,77
Ludwig Van Beethoven Elementary School,"25 W 47th St, Chicago, IL 60609",77,39,31,63,38
Luke O'Toole Elementary School,"6550 S Seeley Ave, Chicago, IL 60636",86,72,60,55,59
Luther Burbank Elementary School,"2035 N Mobile Ave, Chicago, IL 60639",87,84,79,81,75
Lyman A Budlong Elementary School,"2701 W Foster Ave, Chicago, IL 60625",84,63,53,72,57
Mahalia Jackson Elementary School,"917 W 88th St, Chicago, IL 60620",59,55,41,52,44
Mancel Talcott Elementary School,"1840 W Ohio St, Chicago, IL 60622",67,70,47,71,45
Manley Career Academy High School,"2935 W Polk St, Chicago, IL 60612",75,69,65,64,41
Manuel Perez Elementary School,"1241 W 19th St, Chicago, IL 60608",99,83,73,84,92
Marcus Moziah Garvey Elementary School,"10309 S Morgan St, Chicago, IL 60643",75,83,77,75,46
Maria Saucedo Elementary Scholastic Academy,"2850 W 24th Blvd, Chicago, IL 60623",57,40,40,64,36
Mariano Azuela Elementary School,"4707 W Marquette Rd, Chicago, IL 60629",63,49,38,59,40
Marie Sklodowska Curie Metropolitan High School,"4959 S Archer Ave, Chicago, IL 60632",60,54,46,52,48
Marine Leadership Academy at Ames,"1920 N Hamlin Ave, Chicago, IL 60647",90,76,74,80,63
Mark Sheridan Math & Science Academy,"533 W 27th St, Chicago, IL 60616",57,63,52,62,43
Mark Skinner Elementary School,"1260 W Adams St, Chicago, IL 60607",67,-1,-1,-1,42
Mark Twain Elementary School,"5134 S Lotus Ave, Chicago, IL 60638",58,54,60,54,34
Marquette Elementary School,"6550 S Richmond St, Chicago, IL 60629",77,52,44,53,45
Martha Ruggles Elementary School,"7831 S Prairie Ave, Chicago, IL 60619",92,70,57,65,62
Marvin Camras Elementary School,"3000 N Mango Ave, Chicago, IL 60634",62,71,52,61,47
Mary E Courtenay Elementary Language Arts Center,"4420 N Beacon St, Chicago, IL 60640",75,58,51,63,48
Mary E McDowell Elementary School,"1419 E 89th St, Chicago, IL 60619",-1,79,83,62,-1
Mary Gage Peterson Elementary School,"5510 N Christiana Ave, Chicago, IL 60625",72,61,63,64,51
Mary Lyon Elementary School,"2941 N Mcvicker Ave, Chicago, IL 60634",55,69,63,71,31
Matthew Gallistel Elementary Language Academy,"10347 S Ewing Ave, Chicago, IL 60617",72,65,62,75,54
Medgar Evers Elementary School,"9811 S Lowe Ave, Chicago, IL 60628",87,85,68,87,45
Melville W Fuller Elementary School,"4214 S St Lawrence Ave, Chicago, IL 60653",91,60,57,43,83
Michael Faraday Elementary School,"3250 W Monroe St, Chicago, IL 60624",92,84,71,86,53
Michael M Byrne Elementary School,"5329 S Oak Park Ave, Chicago, IL 60638",61,61,54,69,36
Michele Clark Academic Prep Magnet High School,"5101 W Harrison St, Chicago, IL 60644",61,59,44,61,39
Mildred I Lavizzo Elementary School,"138 W 109th St, Chicago, IL 60628",83,72,61,69,47
Milton Brunson Math & Science Specialty ES,"932 N Central Ave, Chicago, IL 60651",68,75,59,62,26
Minnie Mars Jamieson Elementary School,"5650 N Mozart St, Chicago, IL 60659",71,70,70,81,43
Morgan Park High School,"1744 W Pryor Ave, Chicago, IL 60643",74,51,39,47,39
Morton School of Excellence,"431 N Troy St, Chicago, IL 60612",88,64,59,55,78
Mount Greenwood Elementary School,"10841 S Homan Ave, Chicago, IL 60655",98,91,80,94,98
Mount Vernon Elementary School,"10540 S Morgan St, Chicago, IL 60643",89,68,56,57,55
Moving Everest Charter School,"416 N Laramie Ave, Chicago, IL 60644",-1,59,66,35,-1
Multicultural Academy of Scholarship,"3120 S Kostner Ave, Chicago, IL 60623",60,59,47,64,52
Myra Bradwell Communications Arts & Sciences ES,"7736 S Burnham Ave, Chicago, IL 60649",73,41,51,29,50
Namaste Charter School,"3737 S Paulina St, Chicago, IL 60609",39,25,21,59,21
Nancy B Jefferson Alternative HS,"1100 S Hamilton Ave, Chicago, IL 60612",57,88,82,91,36
Nathan Hale Elementary School,"6140 S Melvina Ave, Chicago, IL 60638",79,65,60,60,56
Nathan S Davis Elementary School,"3014 W 39th Pl, Chicago, IL 60632",71,51,49,56,44
Nathanael Greene Elementary School,"3525 S Honore St, Chicago, IL 60609",-1,93,87,99,-1
National Teachers Elementary Academy,"55 W Cermak Rd, Chicago, IL 60616",89,75,74,84,57
Neal F Simeon Career Academy High School,"8147 S Vincennes Ave, Chicago, IL 60620",92,55,63,60,77
New Field Elementary School,"1707 W Morse Ave, Chicago, IL 60626",-1,67,63,85,-1
Newton Bateman Elementary School,"4220 N Richmond St, Chicago, IL 60618",74,74,68,77,56
Nicholas Senn High School,"5900 N Glenwood Ave, Chicago, IL 60660",68,53,38,58,52
Ninos Heroes Elementary Academic Center,"8344 S Commercial Ave, Chicago, IL 60617",63,57,52,49,22
Noble - Baker College Prep,"2710 E 89th St, Chicago, IL 60617",88,75,62,66,61
Noble - Butler College Prep,"821 E 103rd St, Chicago, IL 60628",87,35,41,51,66
Noble - Chicago Bulls College Prep,"2040 W Adams St, Chicago, IL 60612",94,63,51,50,74
Noble - DRW College Prep,"931 S Homan Ave, Chicago, IL 60624",76,30,26,41,56
Noble - Gary Comer College Prep High School,"7131 S South Chicago Ave, Chicago, IL 60619",81,47,39,66,63
Noble - Gary Comer College Prep Middle School,"1010 E 72nd St, Chicago, IL 60619",80,91,80,75,31
Noble - Golder College Prep,"1454 W Superior St, Chicago, IL 60642",89,45,40,55,73
Noble - Hansberry College Prep,"8748 S Aberdeen St, Chicago, IL 60620",89,64,49,65,49
Noble - ITW David Speer Academy,"5321 W Grand Ave, Chicago, IL 60639",78,59,47,63,70
Noble - John and Eunice Johnson College Prep,"6350 S Stewart Ave, Chicago, IL 60621",86,73,67,84,66
Noble - Mansueto High School,"2911 W 47th, Chicago, IL 60632",92,79,74,84,87
Noble - Muchin College Prep,"1 N State St, Chicago, IL 60602",94,65,52,86,69
Noble - Noble College Prep,"1010 N Noble St, Chicago, IL 60622",92,79,70,73,81
Noble - Pritzker College Prep,"4131 W Cortland St, Chicago, IL 60639",98,89,69,89,78
Noble - Rauner College Prep,"1337 W Ohio St, Chicago, IL 60642",99,70,65,79,77
Noble - Rowe-Clark Math and Science Academy,"3645 W Chicago Ave, Chicago, IL 60651",84,72,66,78,63
Noble - The Noble Academy,"17 N State St, Chicago, IL 60602",81,66,50,78,61
Noble - UIC College Prep,"1231 S Damen Ave, Chicago, IL 60608",90,72,65,66,74
Norman A Bridge Elementary School,"3800 N New England Ave, Chicago, IL 60634",53,63,52,69,33
North Lawndale College Prep - Christiana,"1615 S Christiana Ave, Chicago, IL 60623",88,87,63,53,49
North Lawndale College Prep - Collins,"1313 S Sacramento Dr, Chicago, IL 60623",77,77,56,77,44
North River Elementary School,"4416 N Troy St, Chicago, IL 60625",97,87,74,86,79
North-Grand High School,"4338 W Wabansia Ave, Chicago, IL 60639",70,89,84,83,62
Northside College Preparatory High School,"5501 N Kedzie Ave, Chicago, IL 60625",99,75,72,89,90
Northside Learning Center High School,"3730 W Bryn Mawr Ave, Chicago, IL 60659",93,73,62,96,75
Northwest Middle School,"5252 W Palmer St, Chicago, IL 60639",72,63,62,48,28
Norwood Park Elementary School,"5900 N Nina Ave, Chicago, IL 60631",64,65,64,87,60
Ogden International High School,"1250 W Erie St, Chicago, IL 60642",84,44,25,69,56
Ole A Thorp Elementary Scholastic Academy,"6024 W Warwick Ave, Chicago, IL 60634",47,52,43,74,38
Oliver S Westcott Elementary School,"409 W 80th St, Chicago, IL 60620",80,55,43,59,62
Oliver Wendell Holmes Elementary School,"955 W Garfield Blvd, Chicago, IL 60621",97,52,53,49,77
Ombudsman Chicago - Northwest,"7500 N Harlem Ave, Chicago, IL 60631",39,50,46,47,57
Ombudsman Chicago - South,"6057 S Western Ave, Chicago, IL 60636",60,75,70,66,52
Ombudsman Chicago - West,"2401 W Congress Pkwy, Chicago, IL 60612",57,49,31,31,51
Oriole Park Elementary School,"5424 N Oketo Ave, Chicago, IL 60656",63,75,65,89,59
Orozco Fine Arts & Sciences Elementary School,"1940 W 18th St, Chicago, IL 60608",58,46,41,51,36
Orr Academy High School,"730 N Pulaski Rd, Chicago, IL 60624",80,73,64,63,54
Orville T Bright Elementary School,"10740 S Calhoun Ave, Chicago, IL 60617",78,51,32,47,62
Oscar DePriest Elementary School,"139 S Parkside Ave, Chicago, IL 60644",85,68,58,63,51
Oscar F Mayer Elementary School,"2250 N Clifton Ave, Chicago, IL 60614",84,46,52,75,70
Pablo Casals Elementary School,"3501 W Potomac Ave, Chicago, IL 60651",97,63,54,68,80
Park Manor Elementary School,"7037 S Rhodes Ave, Chicago, IL 60637",82,61,66,53,65
Parkside Elementary Community Academy,"6938 S East End Ave, Chicago, IL 60649",93,68,63,58,84
Pathways in Education - Ashburn,"3284 W 87th St, Chicago, IL 60652",67,53,33,53,70
Pathways in Education - Avondale,"3100 W Belmont Ave, Chicago, IL 60618",37,31,18,17,62
Pathways in Education - Brighton Park,"3124 W 47th St, Chicago, IL 60632",57,53,22,36,62
Patrick Henry Elementary School,"4250 N Saint Louis Ave, Chicago, IL 60618",76,68,57,64,71
Paul Cuffe Math-Science Technology Academy ES,"8324 S Racine Ave, Chicago, IL 60620",98,71,69,66,95
Paul Laurence Dunbar Career Academy High School,"3000 S King Dr, Chicago, IL 60616",83,80,66,87,55
Paul Revere Elementary School,"1010 E 72nd St, Chicago, IL 60619",50,47,53,57,30
Paul Robeson High School,"6835 S Normal Blvd, Chicago, IL 60621",92,82,62,77,77
Peace & Education Coalition HS,"4946 S Paulina St, Chicago, IL 60609",74,80,62,37,61
Percy L Julian High School,"10330 S Elizabeth St, Chicago, IL 60643",98,86,62,78,69
Perkins Bass Elementary School,"1140 W 66th St, Chicago, IL 60621",95,79,65,71,86
Perspectives - High School of Technology,"8131 S May St., Chicago, IL 60620",70,58,47,43,52
Perspectives - Leadership Academy,"8131 South May Street, Chicago, IL 60620",69,62,55,44,49
Perspectives - Math and Science Academy,"3663 S. Wabash Avenue, Chicago, IL 60653",64,53,52,60,36
Perspectives - Rodney D. Joslin,"1930 S Archer Ave, Chicago, IL 60616",66,37,33,44,50
Peter A Reinberg Elementary School,"3425 N Major Ave, Chicago, IL 60634",67,37,37,47,49
Peter Cooper Elementary Dual Language Academy,"1624 W 19th St, Chicago, IL 60608",-1,70,58,71,-1
Philip Rogers Elementary School,"7345 N Washtenaw Ave, Chicago, IL 60645",77,83,81,86,53
Phillip D Armour Elementary School,"950 W 33rd Pl, Chicago, IL 60608",74,69,64,87,46
Phillip Murray Elementary Language Academy,"5335 S Kenwood Ave, Chicago, IL 60615",70,32,35,53,37
Phoebe Apperson Hearst Elementary School,"4640 S Lamon Ave, Chicago, IL 60638",53,26,22,38,45
Phoenix Military Academy High School,"145 S Campbell Ave, Chicago, IL 60612",92,81,66,94,68
Pilsen Elementary Community Academy,"1420 W 17th St, Chicago, IL 60608",63,62,54,59,50
Plato Learning Academy,"5545 W Harrison St, Chicago, IL 60644",62,53,49,61,32
Polaris Charter Academy,"620 N Sawyer Ave, Chicago, IL 60624",91,81,66,65,79
Portage Park Elementary School,"5330 W Berteau Ave, Chicago, IL 60641",78,74,62,81,63
Providence Englewood Charter School,"6515 S Ashland Ave, Chicago, IL 60636",52,40,50,33,33
Pulaski International School of Chicago,"2230 W Mclean Ave, Chicago, IL 60647",68,55,54,79,55
Rachel Carson Elementary School,"5516 S Maplewood Ave, Chicago, IL 60629",34,32,28,55,14
Ralph H Metcalfe Elementary Community Academy,"12339 S Normal Ave, Chicago, IL 60628",79,70,57,53,53
Ravenswood Elementary School,"4332 N Paulina St, Chicago, IL 60613",87,85,67,85,57
Ray Graham Training Center High School,"2347 S Wabash Ave, Chicago, IL 60616",90,78,81,86,65
Richard Edwards Elementary School,"4815 S Karlov Ave, Chicago, IL 60632",89,64,51,71,68
Richard Henry Lee Elementary School,"6448 S Tripp Ave, Chicago, IL 60629",86,91,77,90,68
Richard J Daley Elementary Academy,"5024 S Wolcott Ave, Chicago, IL 60609",38,42,32,47,19
Richard J Oglesby Elementary School,"7646 S Green St, Chicago, IL 60620",50,21,25,28,26
Richard T Crane Medical Preparatory HS,"2245 W Jackson Blvd, Chicago, IL 60612",88,51,41,58,58
Richard Yates Elementary School,"1839 N Richmond St, Chicago, IL 60647",43,34,28,51,40
Roald Amundsen High School,"5110 N Damen Ave, Chicago, IL 60625",79,70,55,74,62
Robert A Black Magnet Elementary School,"9101 S Euclid Ave, Chicago, IL 60619",97,85,68,88,99
Robert Fulton Elementary School,"5300 S Hermitage Ave, Chicago, IL 60609",82,65,59,50,44
Robert Healy Elementary School,"3010 S Parnell Ave, Chicago, IL 60616",57,72,69,76,37
Robert J. Richardson Middle School,"6018 S Karlov Ave, Chicago, IL 60629",73,63,70,66,38
Robert L Grimes Elementary School,"5450 W 64th Pl, Chicago, IL 60638",66,65,60,56,52
Robert Lindblom Math & Science Academy HS,"6130 S Wolcott Ave, Chicago, IL 60636",89,61,51,86,69
Robert Nathaniel Dett Elementary School,"2131 W Monroe St, Chicago, IL 60612",77,30,39,32,82
Roberto Clemente Community Academy High School,"1147 N Western Ave, Chicago, IL 60622",55,40,44,50,37
Rodolfo Lozano Bilingual & International Ctr ES,"1501 N Greenview Ave, Chicago, IL 60642",71,61,43,59,48
Roger C Sullivan High School,"6631 N Bosworth Ave, Chicago, IL 60626",65,70,58,62,63
Ronald Brown Elementary Community Academy,"12607 S Union Ave, Chicago, IL 60628",92,66,52,59,85
Ronald E McNair Elementary School,"4820 W Walton St, Chicago, IL 60651",91,67,61,54,71
Rosario Castellanos Elementary School,"2524 S Central Park Ave, Chicago, IL 60623",67,46,48,36,42
Roswell B Mason Elementary School,"4217 W 18th St, Chicago, IL 60623",95,79,74,84,91
Rowe Elementary Charter School,"1424 N Cleaver St, Chicago, IL 60622",40,34,26,50,23
Rudyard Kipling Elementary School,"9351 S Lowe Ave, Chicago, IL 60620",59,64,47,54,39
Rueben Salazar Elementary Bilingual Center,"160 W Wendell St, Chicago, IL 60610",65,67,67,65,43
Rufus M Hitch Elementary School,"5625 N Mcvicker Ave, Chicago, IL 60646",75,70,59,71,55
STEM Magnet Academy,"1522 W Fillmore St, Chicago, IL 60607",74,88,80,93,50
Salmon P Chase Elementary School,"2021 N Point St, Chicago, IL 60647",97,83,74,83,96
Sarah E. Goode STEM Academy,"7651 S Homan Ave, Chicago, IL 60652",59,35,33,38,47
Sauganash Elementary School,"6040 N Kilpatrick Ave, Chicago, IL 60646",91,82,76,92,81
Scott Joplin Elementary School,"7931 S Honore St, Chicago, IL 60620",99,76,72,75,86
Sharon Christa McAuliffe Elementary School,"1841 N Springfield Ave, Chicago, IL 60647",65,45,48,47,50
Sidney Sawyer Elementary School,"5248 S Sawyer Ave, Chicago, IL 60632",66,42,34,52,47
Simpson Academy HS for Young Women,"1321 S Paulina St, Chicago, IL 60608",95,56,52,38,63
Sir Miles Davis Magnet Elementary Academy,"6740 S Paulina St, Chicago, IL 60636",77,48,41,62,46
Skinner North,"640 W Scott St, Chicago, IL 60610",59,61,58,74,49
Socorro Sandoval Elementary School,"5534 S Saint Louis Ave, Chicago, IL 60629",-1,75,65,86,-1
South Loop Elementary School,"1212 S Plymouth Ct, Chicago, IL 60605",52,59,56,76,45
South Shore Fine Arts Academy,"1415 E 70th St, Chicago, IL 60637",63,31,33,20,31
Southeast Area Elementary School,"3930 E 105th St, Chicago, IL 60617",89,90,83,86,58
Southside Occupational Academy High School,"7342 S Hoyne Ave, Chicago, IL 60636",-1,91,74,83,-1
Spencer Technology Academy,"214 N Lavergne Ave, Chicago, IL 60644",97,80,76,82,78
Spry Community Links High School,"2400 S Marshall Blvd, Chicago, IL 60623",56,79,64,78,60
Stephen Decatur Classical Elementary School,"7030 N Sacramento Ave, Chicago, IL 60645",86,75,71,97,62
Stephen F Gale Elementary Community Academy,"1631 W Jonquil Ter, Chicago, IL 60626",72,57,35,70,42
Stephen K Hayt Elementary School,"1518 W Granville Ave, Chicago, IL 60660",67,41,31,47,46
Stephen T Mather High School,"5835 N Lincoln Ave, Chicago, IL 60659",74,53,32,46,49
Stone Elementary Scholastic Academy,"6239 N Leavitt St, Chicago, IL 60659",66,37,45,69,42
Suder Montessori Magnet ES,"2022 W Washington Blvd, Chicago, IL 60612",50,39,38,65,13
TEAM Englewood Community Academy High School,"6201 S Stewart Ave, Chicago, IL 60621",68,-1,-1,-1,50
Talman Elementary School,"5450 S Talman Ave, Chicago, IL 60632",-1,88,71,86,-1
Tarkington School of Excellence ES,"3330 W 71st St, Chicago, IL 60629",68,58,47,64,40
Telpochcalli Elementary School,"2832 W 24th Blvd, Chicago, IL 60623",69,91,89,86,36
The Montessori School of Englewood Charter,"6936 S Hermitage Ave, Chicago, IL 60636",-1,31,35,26,-1
Theodore Herzl Elementary School,"3711 W Douglas Blvd, Chicago, IL 60623",91,64,67,70,62
Theodore Roosevelt High School,"3436 W Wilson Ave, Chicago, IL 60625",64,68,56,60,50
Theophilus Schmid Elementary School,"9755 S Greenwood Ave, Chicago, IL 60628",95,60,51,60,57
Thomas A Edison Regional Gifted Center ES,"4929 N Sawyer Ave, Chicago, IL 60625",51,61,56,96,47
Thomas A Hendricks Elementary Community Academy,"4316 S Princeton Ave, Chicago, IL 60609",84,54,54,47,77
Thomas Chalmers Specialty Elementary School,"2745 W Roosevelt Rd, Chicago, IL 60608",58,32,31,23,29
Thomas Drummond Elementary School,"1845 W Cortland St, Chicago, IL 60622",70,38,51,81,59
Thomas Hoyne Elementary School,"8905 S Crandon Ave, Chicago, IL 60617",88,55,47,57,46
Thomas J Higgins Elementary Community Academy,"11710 S Morgan St, Chicago, IL 60643",81,56,47,50,59
Thomas J Waters Elementary School,"4540 N Campbell Ave, Chicago, IL 60625",79,76,67,93,60
Thomas Kelly High School,"4136 S California Ave, Chicago, IL 60632",61,63,56,68,45
Turner-Drew Elementary Language Academy,"9300 S Princeton Ave, Chicago, IL 60620",81,80,67,77,48
University of Chicago - Carter G. Woodson,"4444 S. Evans Avenue, Chicago, IL 60653",60,18,37,7,20
University of Chicago - Donoghue,"707 E. 37th Street, Chicago, IL 60653",-1,68,66,78,-1
University of Chicago - North Kenwood/Oakland,"1119 E. 46th Street, Chicago, IL 60653",-1,30,43,59,-1
University of Chicago - Woodlawn,"6300 S University Ave, Chicago, IL 60637",76,21,30,42,42
Uplift Community High School,"900 W Wilson Ave, Chicago, IL 60640",58,33,11,32,53
Urban Prep Academy for Young Men - Bronzeville,"521 E 35th St, Chicago, IL 60616",57,27,39,34,48
Urban Prep Academy for Young Men - Englewood,"6201 S Stewart Ave, Chicago, IL 60621",-1,39,52,56,-1
Urban Prep Charter Academy for Young Men - West,"1326 W 14th Pl, Chicago, IL 60608",-1,91,72,96,-1
Velma F Thomas Early Childhood Center,"3625 S Hoyne Ave, Chicago, IL 60609",-1,44,42,78,-1
Virgil Grissom Elementary School,"12810 S Escanaba Ave, Chicago, IL 60633",72,40,56,65,37
Walt Disney Magnet Elementary School,"4140 N Marine Dr, Chicago, IL 60613",66,47,39,51,52
Walter Henri Dyett High School for the Arts,"555 E 51st St, Chicago, IL 60615",92,86,71,81,65
Walter L Newberry Math & Science Academy ES,"700 W Willow St, Chicago, IL 60614",90,67,58,77,66
Walter Payton College Preparatory High School,"1034 N Wells St, Chicago, IL 60610",99,51,51,86,92
Walter Q Gresham Elementary School,"8524 S Green St, Chicago, IL 60620",75,65,65,44,46
Walter S Christopher Elementary School,"5042 S Artesian Ave, Chicago, IL 60632",56,50,49,49,57
Washington D Smyser Elementary School,"4310 N Melvina Ave, Chicago, IL 60634",59,60,64,67,36
Washington Irving Elementary School,"749 S Oakley Blvd, Chicago, IL 60612",62,30,34,46,39
Wells Community Academy High School,"936 N Ashland Ave, Chicago, IL 60622",74,67,39,67,60
Wendell E Green Elementary School,"1150 W 96th St, Chicago, IL 60643",75,56,62,55,47
Wendell Phillips Academy High School,"244 E Pershing Rd, Chicago, IL 60653",85,61,57,41,58
Wendell Smith Elementary School,"744 E 103rd St, Chicago, IL 60628",77,44,47,45,76
West Park Elementary Academy,"1425 N Tripp Ave, Chicago, IL 60651",55,38,32,54,26
West Ridge Elementary School,"6700 N Whipple St, Chicago, IL 60645",71,53,51,59,56
Whitney M Young Magnet High School,"211 S Laflin St, Chicago, IL 60607",91,64,57,93,79
Wildwood IB World Magnet School,"6950 N Hiawatha Ave, Chicago, IL 60646",67,61,49,97,50
Willa Cather Elementary School,"2908 W Washington Blvd, Chicago, IL 60612",58,67,51,63,28
William B Ogden Elementary School,"24 W Walton St, Chicago, IL 60610",-1,34,31,72,-1
William Bishop Owen Scholastic Academy ES,"8247 S Christiana Ave, Chicago, IL 60652",77,66,71,82,38
William C Reavis Math & Science Specialty ES,"834 E 50th St, Chicago, IL 60615",96,82,76,81,87
William C. Goudy Technology Academy,"5120 N Winthrop Ave, Chicago, IL 60640",76,74,67,66,48
William E B Dubois Elementary School,"330 E 133rd St, Chicago, IL 60827",75,51,60,43,43
William E Dever Elementary School,"3436 N Osceola Ave, Chicago, IL 60634",82,78,73,75,36
William F Finkl Elementary School,"2332 S Western Ave, Chicago, IL 60608",93,74,53,85,64
William G Hibbard Elementary School,"3244 W Ainslie St, Chicago, IL 60625",70,68,58,69,51
William H Brown Elementary School,"54 N Hermitage Ave, Chicago, IL 60612",70,19,30,21,57
William H Prescott Elementary School,"1632 W Wrightwood Ave, Chicago, IL 60614",61,66,67,81,74
William H Ray Elementary School,"5631 S Kimbark Ave, Chicago, IL 60637",68,66,63,76,36
William H Ryder Math & Science Specialty ES,"8716 S Wallace St, Chicago, IL 60620",87,66,59,72,93
William H Seward Communication Arts Academy ES,"4600 S Hermitage Ave, Chicago, IL 60609",59,53,42,35,52
William Howard Taft High School,"6530 W Bryn Mawr Ave, Chicago, IL 60631",70,55,41,58,51
William J Bogan High School,"3939 W 79th St, Chicago, IL 60652",60,65,50,62,51
William J Onahan Elementary School,"6634 W Raven St, Chicago, IL 60631",69,62,56,75,46
William Jones College Preparatory High School,"700 S State St, Chicago, IL 60605",96,55,43,89,85
William K New Sullivan Elementary School,"8331 S Mackinaw Ave, Chicago, IL 60617",94,62,58,62,78
William P Gray Elementary School,"3730 N Laramie Ave, Chicago, IL 60641",79,89,71,79,53
William P Nixon Elementary School,"2121 N Keeler Ave, Chicago, IL 60639",80,69,66,60,49
William Penn Elementary School,"1616 S Avers Ave, Chicago, IL 60623",98,64,48,79,53
William Rainey Harper High School,"6520 S Wood St, Chicago, IL 60636",62,71,47,53,53
William T Sherman Elementary School,"1000 W 52nd St, Chicago, IL 60609",99,74,73,58,98
William W Carter Elementary School,"5740 S Michigan Ave, Chicago, IL 60637",69,82,71,56,33
Wilma Rudolph Elementary Learning Center,"1628 W Washington Blvd, Chicago, IL 60612",-1,31,40,44,-1
Wolfgang A Mozart Elementary School,"2200 N Hamlin Ave, Chicago, IL 60647",63,45,34,53,46
Woodlawn Community Elementary School,"6657 S Kimbark Ave, Chicago, IL 60637",99,73,61,74,71
World Language Academy High School,"3120 S Kostner Ave, Chicago, IL 60623",80,62,56,61,65
"YCCS - ASPIRA,Antonia Pantoja Alternative HS","3121 N Pulaski Rd, Chicago, IL 60641",72,-1,-1,-1,69
YCCS - Academy of Scholastic Achievement HS,"4651 W Madison St, Chicago, IL 60644",63,-1,-1,-1,63
YCCS - Association House HS,"1116 N Kedzie, 4th Floor Ave, Chicago, IL 60651",41,82,72,24,44
YCCS - Austin Career Education Center HS,"5352 W Chicago Ave, Chicago, IL 60651",99,-1,-1,-1,71
YCCS - CCA Academy HS,"1231 S Pulaski Rd, Chicago, IL 60623",76,-1,-1,-1,56
YCCS - Chatham AcademyHS,"9035 S Langley Ave, Chicago, IL 60619",76,38,46,55,76
YCCS - Dr. Pedro Albizu Campos Puerto Rican HS,"2739 W Division St, Chicago, IL 60622",67,23,29,25,57
YCCS - Innovations HS of Arts Integration,"17 N State St, Chicago, IL 60602",47,45,48,18,47
YCCS - Jane Addams Alternative HS,"1814 S Union Ave, Chicago, IL 60616",99,99,98,99,92
YCCS - Latino Youth Alternative HS,"2001 S California Ave, Chicago, IL 60608",-1,51,61,-1,-1
YCCS - McKinley Lakeside Leadership HS,"2920 S Wabash Ave, Chicago, IL 60616",57,18,7,-1,49
YCCS - Olive Harvey Middle College HS,"10001 S Woodlawn Ave, Chicago, IL 60628",68,58,55,-1,48
YCCS - Sullivan House Alternative HS,"8164 S South Chicago Ave, Chicago, IL 60617",89,59,67,48,60
YCCS - Truman Middle College HS,"1145 W Wilson Ave, Chicago, IL 60640",62,48,45,32,64
YCCS - West Town Acad Alternative HS,"500 N Sacramento Blvd, Chicago, IL 60612",-1,59,50,25,-1
YCCS - Westside Holistic Leadership Acad HS,"4909 W Division St, Chicago, IL 60651",74,-1,-1,-1,66
YCCS - Youth Connection Leadership Acad HS,"3424 S State St, Chicago, IL 60616",39,52,57,-1,39
Young Women's Leadership Charter School,"2641 S Calumet Ave, Chicago, IL 60616",91,61,60,57,57
